#
# There is insufficient memory for the Java Runtime Environment to continue.
# Native memory allocation (mmap) failed to map 65536 bytes. Error detail: Failed to commit metaspace.
# Possible reasons:
#   The system is out of physical RAM or swap space
#   This process is running with CompressedOops enabled, and the Java Heap may be blocking the growth of the native heap
# Possible solutions:
#   Reduce memory load on the system
#   Increase physical memory or swap space
#   Check if swap backing store is full
#   Decrease Java heap size (-Xmx/-Xms)
#   Decrease number of Java threads
#   Decrease Java thread stack sizes (-Xss)
#   Set larger code cache with -XX:ReservedCodeCacheSize=
#   JVM is running with Unscaled Compressed Oops mode in which the Java heap is
#     placed in the first 4GB address space. The Java Heap base address is the
#     maximum limit for the native heap growth. Please use -XX:HeapBaseMinAddress
#     to set the Java Heap base and to place the Java Heap above 4GB virtual address.
# This output file may be truncated or incomplete.
#
#  Out of Memory Error (virtualSpaceNode.cpp:110), pid=11252, tid=2972
#
# JRE version: OpenJDK Runtime Environment Microsoft-10376486 (17.0.13+11) (build 17.0.13+11-LTS)
# Java VM: OpenJDK 64-Bit Server VM Microsoft-10376486 (17.0.13+11-LTS, mixed mode, sharing, tiered, compressed oops, compressed class ptrs, g1 gc, windows-amd64)
# No core dump will be written. Minidumps are not enabled by default on client versions of Windows
#

---------------  S U M M A R Y ------------

Command Line: --add-opens=java.base/java.lang=ALL-UNNAMED --add-opens=java.base/java.lang.invoke=ALL-UNNAMED --add-opens=java.base/java.util=ALL-UNNAMED --add-opens=java.prefs/java.util.prefs=ALL-UNNAMED --add-exports=jdk.compiler/com.sun.tools.javac.api=ALL-UNNAMED --add-exports=jdk.compiler/com.sun.tools.javac.util=ALL-UNNAMED --add-opens=java.base/java.util=ALL-UNNAMED --add-opens=java.prefs/java.util.prefs=ALL-UNNAMED --add-opens=java.base/java.nio.charset=ALL-UNNAMED --add-opens=java.base/java.net=ALL-UNNAMED --add-opens=java.base/java.util.concurrent.atomic=ALL-UNNAMED --add-opens=java.xml/javax.xml.namespace=ALL-UNNAMED -XX:MaxMetaspaceSize=512m -Xmx2048m -Dfile.encoding=UTF-8 -Duser.country=IN -Duser.language=en -Duser.variant -javaagent:C:\Users\sudar\.gradle\wrapper\dists\gradle-8.13-bin\5xuhj0ry160q40clulazy9h7d\gradle-8.13\lib\agents\gradle-instrumentation-agent-8.13.jar org.gradle.launcher.daemon.bootstrap.GradleDaemon 8.13

Host: AMD Ryzen 5 5600H with Radeon Graphics         , 12 cores, 15G,  Windows 11 , 64 bit Build 22621 (10.0.22621.5415)
Time: Wed Sep 10 20:26:22 2025 India Standard Time elapsed time: 219.215827 seconds (0d 0h 3m 39s)

---------------  T H R E A D  ---------------

Current thread (0x0000015bd0e83790):  JavaThread "Daemon worker" [_thread_in_vm, id=2972, stack(0x000000437fa00000,0x000000437fb00000)]

Stack: [0x000000437fa00000,0x000000437fb00000]
Native frames: (J=compiled Java code, j=interpreted, Vv=VM code, C=native code)
V  [jvm.dll+0x687fc9]
V  [jvm.dll+0x83eeb8]
V  [jvm.dll+0x840963]
V  [jvm.dll+0x840fd3]
V  [jvm.dll+0x24951f]
V  [jvm.dll+0x83ac6d]
V  [jvm.dll+0x62c3ce]
V  [jvm.dll+0x1c1630]
V  [jvm.dll+0x62ed30]
V  [jvm.dll+0x62cd76]
V  [jvm.dll+0x23e720]
V  [jvm.dll+0x1ebdbb]
V  [jvm.dll+0x1e1901]
V  [jvm.dll+0x54b5e4]
V  [jvm.dll+0x7b8c48]
V  [jvm.dll+0x7b8d34]
V  [jvm.dll+0x417af3]
V  [jvm.dll+0x41e5e9]
C  [java.dll+0x17ec]

Java frames: (J=compiled Java code, j=interpreted, Vv=VM code)
J 795  java.lang.ClassLoader.defineClass1(Ljava/lang/ClassLoader;Ljava/lang/String;[BIILjava/security/ProtectionDomain;Ljava/lang/String;)Ljava/lang/Class; java.base@17.0.13 (0 bytes) @ 0x0000015ba0a25ce3 [0x0000015ba0a25c20+0x00000000000000c3]
J 7866 c1 java.lang.System$2.defineClass(Ljava/lang/ClassLoader;Ljava/lang/String;[BLjava/security/ProtectionDomain;Ljava/lang/String;)Ljava/lang/Class; java.base@17.0.13 (14 bytes) @ 0x0000015b99caeccc [0x0000015b99caec40+0x000000000000008c]
J 22205 c1 jdk.internal.reflect.ClassDefiner.defineClass(Ljava/lang/String;[BIILjava/lang/ClassLoader;)Ljava/lang/Class; java.base@17.0.13 (33 bytes) @ 0x0000015b9b5c3164 [0x0000015b9b5c2c60+0x0000000000000504]
J 22204 c1 jdk.internal.reflect.MethodAccessorGenerator$1.run()Ljdk/internal/reflect/MagicAccessorImpl; java.base@17.0.13 (41 bytes) @ 0x0000015b9b5c1fec [0x0000015b9b5c1800+0x00000000000007ec]
J 10137 c1 jdk.internal.reflect.MethodAccessorGenerator.generate(Ljava/lang/Class;Ljava/lang/String;[Ljava/lang/Class;Ljava/lang/Class;[Ljava/lang/Class;IZZLjava/lang/Class;)Ljdk/internal/reflect/MagicAccessorImpl; java.base@17.0.13 (762 bytes) @ 0x0000015b9a116914 [0x0000015b9a111120+0x00000000000057f4]
J 26871 c1 jdk.internal.reflect.MethodAccessorGenerator.generateConstructor(Ljava/lang/Class;[Ljava/lang/Class;[Ljava/lang/Class;I)Ljdk/internal/reflect/ConstructorAccessor; java.base@17.0.13 (21 bytes) @ 0x0000015b990619f4 [0x0000015b99061940+0x00000000000000b4]
J 25573 c1 jdk.internal.reflect.NativeConstructorAccessorImpl.newInstance([Ljava/lang/Object;)Ljava/lang/Object; java.base@17.0.13 (122 bytes) @ 0x0000015b9bafc48c [0x0000015b9bafbce0+0x00000000000007ac]
J 14962 c2 java.lang.reflect.Constructor.newInstanceWithCaller([Ljava/lang/Object;ZLjava/lang/Class;)Ljava/lang/Object; java.base@17.0.13 (75 bytes) @ 0x0000015ba115e750 [0x0000015ba115e680+0x00000000000000d0]
J 20689 c2 org.gradle.internal.instantiation.generator.AbstractClassGenerator$GeneratedClassImpl$GeneratedConstructorImpl.newInstance(Lorg/gradle/internal/service/ServiceLookup;Lorg/gradle/internal/instantiation/InstanceGenerator;Lorg/gradle/api/Describable;[Ljava/lang/Object;)Ljava/lang/Object; (15 bytes) @ 0x0000015ba14ec4b0 [0x0000015ba14ec0a0+0x0000000000000410]
J 20789 c2 org.gradle.internal.instantiation.generator.DependencyInjectingInstantiator.doCreate(Ljava/lang/Class;Lorg/gradle/api/Describable;[Ljava/lang/Object;)Ljava/lang/Object; (64 bytes) @ 0x0000015ba150e08c [0x0000015ba150dc60+0x000000000000042c]
J 28661 c1 org.gradle.internal.instantiation.generator.DependencyInjectingInstantiator.newInstance(Ljava/lang/Class;[Ljava/lang/Object;)Ljava/lang/Object; (8 bytes) @ 0x0000015b9bf156c4 [0x0000015b9bf15640+0x0000000000000084]
j  org.gradle.configuration.ScriptPluginFactorySelector$1.instantiate(Ljava/lang/String;)Lorg/gradle/configuration/ScriptPluginFactory;+15
j  org.gradle.configuration.ScriptPluginFactorySelector.instantiate(Ljava/lang/String;)Lorg/gradle/configuration/ScriptPluginFactory;+5
j  org.gradle.configuration.ScriptPluginFactorySelector.scriptPluginFactoryFor(Ljava/lang/String;)Lorg/gradle/configuration/ScriptPluginFactory;+57
j  org.gradle.configuration.ScriptPluginFactorySelector.create(Lorg/gradle/groovy/scripts/ScriptSource;Lorg/gradle/api/initialization/dsl/ScriptHandler;Lorg/gradle/api/internal/initialization/ClassLoaderScope;Lorg/gradle/api/internal/initialization/ClassLoaderScope;Z)Lorg/gradle/configuration/ScriptPlugin;+17
j  org.gradle.configuration.project.BuildScriptProcessor.execute(Lorg/gradle/api/internal/project/ProjectInternal;)V+63
j  org.gradle.configuration.project.BuildScriptProcessor.execute(Ljava/lang/Object;)V+5
j  org.gradle.configuration.project.ConfigureActionsProjectEvaluator.evaluate(Lorg/gradle/api/internal/project/ProjectInternal;Lorg/gradle/api/internal/project/ProjectStateInternal;)V+33
j  org.gradle.configuration.project.LifecycleProjectEvaluator$EvaluateProject.lambda$run$0(Lorg/gradle/internal/operations/BuildOperationContext;Lorg/gradle/api/internal/project/ProjectInternal;)V+67
j  org.gradle.configuration.project.LifecycleProjectEvaluator$EvaluateProject$$Lambda$1140+0x0000015bb27e71c0.accept(Ljava/lang/Object;)V+12
J 23401 c1 org.gradle.api.internal.project.DefaultProjectStateRegistry$ProjectStateImpl$$Lambda$1115+0x0000015bb27b7668.apply(Ljava/lang/Object;)Ljava/lang/Object; (12 bytes) @ 0x0000015b9b87e10c [0x0000015b9b87dec0+0x000000000000024c]
j  org.gradle.api.internal.project.DefaultProjectStateRegistry$ProjectStateImpl.lambda$fromMutableState$2(Ljava/util/function/Function;)Ljava/lang/Object;+5
j  org.gradle.api.internal.project.DefaultProjectStateRegistry$ProjectStateImpl$$Lambda$1116+0x0000015bb27b78a8.create()Ljava/lang/Object;+8
j  org.gradle.internal.work.DefaultWorkerLeaseService.withReplacedLocks(Ljava/util/Collection;Lorg/gradle/internal/resources/ResourceLock;Lorg/gradle/internal/Factory;)Ljava/lang/Object;+40
J 18449 c1 org.gradle.api.internal.project.DefaultProjectStateRegistry$ProjectStateImpl.fromMutableState(Ljava/util/function/Function;)Ljava/lang/Object; (139 bytes) @ 0x0000015b9af0b2c4 [0x0000015b9af0a0c0+0x0000000000001204]
j  org.gradle.api.internal.project.DefaultProjectStateRegistry$ProjectStateImpl.applyToMutableState(Ljava/util/function/Consumer;)V+7
j  org.gradle.configuration.project.LifecycleProjectEvaluator$EvaluateProject.run(Lorg/gradle/internal/operations/BuildOperationContext;)V+16
J 20815 c2 org.gradle.internal.operations.DefaultBuildOperationRunner$1.execute(Lorg/gradle/internal/operations/BuildOperation;Lorg/gradle/internal/operations/BuildOperationContext;)V (10 bytes) @ 0x0000015ba150fc88 [0x0000015ba150fc20+0x0000000000000068]
J 27617 c2 org.gradle.internal.operations.DefaultBuildOperationRunner$2.execute(Lorg/gradle/internal/operations/BuildOperationDescriptor;Lorg/gradle/internal/operations/BuildOperationState;Lorg/gradle/internal/operations/BuildOperationState;Lorg/gradle/internal/operations/DefaultBuildOperationRunner$ReadableBuildOperationContext;Lorg/gradle/internal/operations/DefaultBuildOperationRunner$BuildOperationExecutionListener;)Lorg/gradle/internal/operations/BuildOperation; (110 bytes) @ 0x0000015ba1b098c4 [0x0000015ba1b09820+0x00000000000000a4]
J 28780 c2 org.gradle.internal.operations.DefaultBuildOperationRunner$2.execute(Lorg/gradle/internal/operations/BuildOperationDescriptor;Lorg/gradle/internal/operations/BuildOperationState;Lorg/gradle/internal/operations/BuildOperationState;Lorg/gradle/internal/operations/DefaultBuildOperationRunner$ReadableBuildOperationContext;Lorg/gradle/internal/operations/DefaultBuildOperationRunner$BuildOperationExecutionListener;)Ljava/lang/Object; (12 bytes) @ 0x0000015ba1c4d6d4 [0x0000015ba1c4d6a0+0x0000000000000034]
J 28739 c1 org.gradle.internal.operations.DefaultBuildOperationRunner.execute(Lorg/gradle/internal/operations/BuildOperationDescriptor$Builder;Lorg/gradle/internal/operations/BuildOperationState;Lorg/gradle/internal/operations/DefaultBuildOperationRunner$BuildOperationExecution;)Ljava/lang/Object; (147 bytes) @ 0x0000015b9bf3afac [0x0000015b9bf3a460+0x0000000000000b4c]
J 19641 c2 org.gradle.internal.operations.DefaultBuildOperationRunner.execute(Lorg/gradle/internal/operations/BuildOperation;Lorg/gradle/internal/operations/BuildOperationWorker;Lorg/gradle/internal/operations/BuildOperationState;)V (23 bytes) @ 0x0000015ba13a3ed8 [0x0000015ba13a3e20+0x00000000000000b8]
j  org.gradle.internal.operations.DefaultBuildOperationRunner.run(Lorg/gradle/internal/operations/RunnableBuildOperation;)V+9
j  org.gradle.configuration.project.LifecycleProjectEvaluator.evaluate(Lorg/gradle/api/internal/project/ProjectInternal;Lorg/gradle/api/internal/project/ProjectStateInternal;)V+42
j  org.gradle.api.internal.project.DefaultProject.evaluateUnchecked()Lorg/gradle/api/internal/project/ProjectInternal;+20
j  org.gradle.api.internal.project.ProjectLifecycleController.lambda$ensureSelfConfigured$2()V+4
j  org.gradle.api.internal.project.ProjectLifecycleController$$Lambda$1138+0x0000015bb27e5988.run()V+4
j  org.gradle.internal.model.StateTransitionController.lambda$doTransition$14(Ljava/lang/Runnable;)Lorg/gradle/internal/build/ExecutionResult;+1
j  org.gradle.internal.model.StateTransitionController$$Lambda$415+0x0000015bb23b4880.get()Ljava/lang/Object;+4
j  org.gradle.internal.model.StateTransitionController.doTransition(Lorg/gradle/internal/model/StateTransitionController$State;Lorg/gradle/internal/model/StateTransitionController$State;Ljava/util/function/Supplier;)Lorg/gradle/internal/build/ExecutionResult;+24
j  org.gradle.internal.model.StateTransitionController.doTransition(Lorg/gradle/internal/model/StateTransitionController$State;Lorg/gradle/internal/model/StateTransitionController$State;Ljava/lang/Runnable;)V+9
j  org.gradle.internal.model.StateTransitionController.lambda$maybeTransitionIfNotCurrentlyTransitioning$10(Lorg/gradle/internal/model/StateTransitionController$State;Lorg/gradle/internal/model/StateTransitionController$State;Ljava/lang/Runnable;)V+16
j  org.gradle.internal.model.StateTransitionController$$Lambda$1139+0x0000015bb27e5ba8.run()V+16
J 28122 c1 org.gradle.internal.work.DefaultSynchronizer.withLock(Ljava/lang/Runnable;)V (28 bytes) @ 0x0000015b9be3173c [0x0000015b9be31600+0x000000000000013c]
j  org.gradle.internal.model.StateTransitionController.maybeTransitionIfNotCurrentlyTransitioning(Lorg/gradle/internal/model/StateTransitionController$State;Lorg/gradle/internal/model/StateTransitionController$State;Ljava/lang/Runnable;)V+13
j  org.gradle.api.internal.project.ProjectLifecycleController.ensureSelfConfigured()V+16
j  org.gradle.api.internal.project.DefaultProjectStateRegistry$ProjectStateImpl.ensureConfigured()V+19
j  org.gradle.execution.TaskPathProjectEvaluator.configure(Lorg/gradle/api/internal/project/ProjectInternal;)V+6
j  org.gradle.execution.TaskPathProjectEvaluator.configureHierarchy(Lorg/gradle/api/internal/project/ProjectInternal;)V+41
j  org.gradle.configuration.DefaultProjectsPreparer.prepareProjects(Lorg/gradle/api/internal/GradleInternal;)V+52
j  org.gradle.configuration.BuildTreePreparingProjectsPreparer.prepareProjects(Lorg/gradle/api/internal/GradleInternal;)V+114
j  org.gradle.configuration.BuildOperationFiringProjectsPreparer$ConfigureBuild.run(Lorg/gradle/internal/operations/BuildOperationContext;)V+11
J 20815 c2 org.gradle.internal.operations.DefaultBuildOperationRunner$1.execute(Lorg/gradle/internal/operations/BuildOperation;Lorg/gradle/internal/operations/BuildOperationContext;)V (10 bytes) @ 0x0000015ba150fc88 [0x0000015ba150fc20+0x0000000000000068]
J 27617 c2 org.gradle.internal.operations.DefaultBuildOperationRunner$2.execute(Lorg/gradle/internal/operations/BuildOperationDescriptor;Lorg/gradle/internal/operations/BuildOperationState;Lorg/gradle/internal/operations/BuildOperationState;Lorg/gradle/internal/operations/DefaultBuildOperationRunner$ReadableBuildOperationContext;Lorg/gradle/internal/operations/DefaultBuildOperationRunner$BuildOperationExecutionListener;)Lorg/gradle/internal/operations/BuildOperation; (110 bytes) @ 0x0000015ba1b098c4 [0x0000015ba1b09820+0x00000000000000a4]
J 7770 c1 org.gradle.internal.operations.DefaultBuildOperationRunner$2.execute(Lorg/gradle/internal/operations/BuildOperationDescriptor;Lorg/gradle/internal/operations/BuildOperationState;Lorg/gradle/internal/operations/BuildOperationState;Lorg/gradle/internal/operations/DefaultBuildOperationRunner$ReadableBuildOperationContext;Lorg/gradle/internal/operations/DefaultBuildOperationRunner$BuildOperationExecutionListener;)Ljava/lang/Object; (12 bytes) @ 0x0000015b99c7cc94 [0x0000015b99c7cc20+0x0000000000000074]
j  org.gradle.internal.operations.DefaultBuildOperationRunner.execute(Lorg/gradle/internal/operations/BuildOperationDescriptor$Builder;Lorg/gradle/internal/operations/BuildOperationState;Lorg/gradle/internal/operations/DefaultBuildOperationRunner$BuildOperationExecution;)Ljava/lang/Object;+141
J 19641 c2 org.gradle.internal.operations.DefaultBuildOperationRunner.execute(Lorg/gradle/internal/operations/BuildOperation;Lorg/gradle/internal/operations/BuildOperationWorker;Lorg/gradle/internal/operations/BuildOperationState;)V (23 bytes) @ 0x0000015ba13a3ed8 [0x0000015ba13a3e20+0x00000000000000b8]
j  org.gradle.internal.operations.DefaultBuildOperationRunner.run(Lorg/gradle/internal/operations/RunnableBuildOperation;)V+9
j  org.gradle.configuration.BuildOperationFiringProjectsPreparer.prepareProjects(Lorg/gradle/api/internal/GradleInternal;)V+13
j  org.gradle.initialization.VintageBuildModelController.lambda$prepareProjects$2()V+8
j  org.gradle.initialization.VintageBuildModelController$$Lambda$1072+0x0000015bb275af40.run()V+4
j  org.gradle.internal.model.StateTransitionController.lambda$doTransition$14(Ljava/lang/Runnable;)Lorg/gradle/internal/build/ExecutionResult;+1
j  org.gradle.internal.model.StateTransitionController$$Lambda$415+0x0000015bb23b4880.get()Ljava/lang/Object;+4
j  org.gradle.internal.model.StateTransitionController.doTransition(Lorg/gradle/internal/model/StateTransitionController$State;Lorg/gradle/internal/model/StateTransitionController$State;Ljava/util/function/Supplier;)Lorg/gradle/internal/build/ExecutionResult;+24
j  org.gradle.internal.model.StateTransitionController.doTransition(Lorg/gradle/internal/model/StateTransitionController$State;Lorg/gradle/internal/model/StateTransitionController$State;Ljava/lang/Runnable;)V+9
j  org.gradle.internal.model.StateTransitionController.lambda$transitionIfNotPreviously$11(Lorg/gradle/internal/model/StateTransitionController$State;Lorg/gradle/internal/model/StateTransitionController$State;Ljava/lang/Runnable;)V+16
j  org.gradle.internal.model.StateTransitionController$$Lambda$414+0x0000015bb23b4660.run()V+16
J 28296 c1 org.gradle.internal.model.StateTransitionController.transitionIfNotPreviously(Lorg/gradle/internal/model/StateTransitionController$State;Lorg/gradle/internal/model/StateTransitionController$State;Ljava/lang/Runnable;)V (19 bytes) @ 0x0000015b9be70184 [0x0000015b9be6fb00+0x0000000000000684]
j  org.gradle.initialization.VintageBuildModelController.prepareProjects()V+16
j  org.gradle.initialization.VintageBuildModelController.getConfiguredModel()Lorg/gradle/api/internal/GradleInternal;+5
j  org.gradle.internal.build.DefaultBuildLifecycleController$$Lambda$1071+0x0000015bb275ad20.get()Ljava/lang/Object;+4
j  org.gradle.internal.model.StateTransitionController.lambda$notInState$3(Lorg/gradle/internal/model/StateTransitionController$State;Ljava/util/function/Supplier;)Ljava/lang/Object;+11
j  org.gradle.internal.model.StateTransitionController$$Lambda$412+0x0000015bb23b4220.create()Ljava/lang/Object;+12
j  org.gradle.internal.work.DefaultSynchronizer.withLock(Lorg/gradle/internal/Factory;)Ljava/lang/Object;+6
j  org.gradle.internal.model.StateTransitionController.notInState(Lorg/gradle/internal/model/StateTransitionController$State;Ljava/util/function/Supplier;)Ljava/lang/Object;+12
j  org.gradle.internal.build.DefaultBuildLifecycleController.configureProjects()V+21
j  org.gradle.internal.build.AbstractBuildState.ensureProjectsConfigured()V+4
j  org.gradle.internal.buildtree.BuildInclusionCoordinator$$Lambda$1068+0x0000015bb275a490.run()V+4
j  org.gradle.internal.buildtree.BuildInclusionCoordinator$BuildSynchronizer.lambda$withLock$0(Ljava/lang/Runnable;)V+14
j  org.gradle.internal.buildtree.BuildInclusionCoordinator$BuildSynchronizer$$Lambda$1070+0x0000015bb275ab00.run()V+8
J 28122 c1 org.gradle.internal.work.DefaultSynchronizer.withLock(Ljava/lang/Runnable;)V (28 bytes) @ 0x0000015b9be3173c [0x0000015b9be31600+0x000000000000013c]
j  org.gradle.internal.buildtree.BuildInclusionCoordinator$BuildSynchronizer.withLock(Ljava/lang/Runnable;)V+11
j  org.gradle.internal.buildtree.BuildInclusionCoordinator.withLockForBuild(Lorg/gradle/internal/build/BuildState;Ljava/lang/Runnable;)V+20
j  org.gradle.internal.buildtree.BuildInclusionCoordinator.prepareForPluginResolution(Lorg/gradle/internal/build/IncludedBuildState;)V+13
j  org.gradle.internal.composite.DefaultBuildIncluder.prepareForPluginResolution(Lorg/gradle/internal/build/IncludedBuildState;)V+5
j  org.gradle.composite.internal.plugins.CompositeBuildPluginResolverContributor$CompositeBuildPluginResolver.resolveFromIncludedPluginBuilds(Lorg/gradle/plugin/use/PluginId;)Lorg/gradle/plugin/use/resolve/internal/PluginResolution;+39
j  org.gradle.composite.internal.plugins.CompositeBuildPluginResolverContributor$CompositeBuildPluginResolver.doResolve(Lorg/gradle/plugin/use/PluginId;)Lorg/gradle/composite/internal/plugins/CompositeBuildPluginResolverContributor$PluginResult;+2
j  org.gradle.composite.internal.plugins.CompositeBuildPluginResolverContributor$CompositeBuildPluginResolver$$Lambda$720+0x0000015bb25c53d0.apply(Ljava/lang/Object;)Ljava/lang/Object;+8
J 26691 c2 java.util.concurrent.ConcurrentHashMap.computeIfAbsent(Ljava/lang/Object;Ljava/util/function/Function;)Ljava/lang/Object; java.base@17.0.13 (576 bytes) @ 0x0000015ba19dbde4 [0x0000015ba19db740+0x00000000000006a4]
j  org.gradle.composite.internal.plugins.CompositeBuildPluginResolverContributor$CompositeBuildPluginResolver.resolve(Lorg/gradle/plugin/management/internal/PluginRequestInternal;)Lorg/gradle/plugin/use/resolve/internal/PluginResolutionResult;+16
j  org.gradle.plugin.use.resolve.internal.CompositePluginResolver.resolve(Lorg/gradle/plugin/management/internal/PluginRequestInternal;)Lorg/gradle/plugin/use/resolve/internal/PluginResolutionResult;+37
j  org.gradle.plugin.use.resolve.internal.AlreadyOnClasspathPluginResolver.resolve(Lorg/gradle/plugin/management/internal/PluginRequestInternal;)Lorg/gradle/plugin/use/resolve/internal/PluginResolutionResult;+28
j  org.gradle.plugin.use.internal.DefaultPluginRequestApplicator.resolvePluginRequest(Lorg/gradle/plugin/use/resolve/internal/PluginResolver;Lorg/gradle/plugin/management/internal/PluginRequestInternal;)Lorg/gradle/plugin/use/resolve/internal/PluginResolution;+2
j  org.gradle.plugin.use.internal.DefaultPluginRequestApplicator.applyPlugins(Lorg/gradle/plugin/management/internal/PluginRequests;Lorg/gradle/api/internal/initialization/ScriptHandlerInternal;Lorg/gradle/api/internal/plugins/PluginManagerInternal;Lorg/gradle/api/internal/initialization/ClassLoaderScope;)V+136
j  org.gradle.configuration.DefaultScriptPluginFactory$ScriptPluginImpl.apply(Ljava/lang/Object;)V+174
j  org.gradle.configuration.BuildOperationScriptPlugin$1.run(Lorg/gradle/internal/operations/BuildOperationContext;)V+11
J 20815 c2 org.gradle.internal.operations.DefaultBuildOperationRunner$1.execute(Lorg/gradle/internal/operations/BuildOperation;Lorg/gradle/internal/operations/BuildOperationContext;)V (10 bytes) @ 0x0000015ba150fc88 [0x0000015ba150fc20+0x0000000000000068]
J 27617 c2 org.gradle.internal.operations.DefaultBuildOperationRunner$2.execute(Lorg/gradle/internal/operations/BuildOperationDescriptor;Lorg/gradle/internal/operations/BuildOperationState;Lorg/gradle/internal/operations/BuildOperationState;Lorg/gradle/internal/operations/DefaultBuildOperationRunner$ReadableBuildOperationContext;Lorg/gradle/internal/operations/DefaultBuildOperationRunner$BuildOperationExecutionListener;)Lorg/gradle/internal/operations/BuildOperation; (110 bytes) @ 0x0000015ba1b098c4 [0x0000015ba1b09820+0x00000000000000a4]
J 7770 c1 org.gradle.internal.operations.DefaultBuildOperationRunner$2.execute(Lorg/gradle/internal/operations/BuildOperationDescriptor;Lorg/gradle/internal/operations/BuildOperationState;Lorg/gradle/internal/operations/BuildOperationState;Lorg/gradle/internal/operations/DefaultBuildOperationRunner$ReadableBuildOperationContext;Lorg/gradle/internal/operations/DefaultBuildOperationRunner$BuildOperationExecutionListener;)Ljava/lang/Object; (12 bytes) @ 0x0000015b99c7cc94 [0x0000015b99c7cc20+0x0000000000000074]
j  org.gradle.internal.operations.DefaultBuildOperationRunner.execute(Lorg/gradle/internal/operations/BuildOperationDescriptor$Builder;Lorg/gradle/internal/operations/BuildOperationState;Lorg/gradle/internal/operations/DefaultBuildOperationRunner$BuildOperationExecution;)Ljava/lang/Object;+141
J 19641 c2 org.gradle.internal.operations.DefaultBuildOperationRunner.execute(Lorg/gradle/internal/operations/BuildOperation;Lorg/gradle/internal/operations/BuildOperationWorker;Lorg/gradle/internal/operations/BuildOperationState;)V (23 bytes) @ 0x0000015ba13a3ed8 [0x0000015ba13a3e20+0x00000000000000b8]
j  org.gradle.internal.operations.DefaultBuildOperationRunner.run(Lorg/gradle/internal/operations/RunnableBuildOperation;)V+9
j  org.gradle.configuration.BuildOperationScriptPlugin.lambda$apply$0(Ljava/lang/Object;Lorg/gradle/internal/code/UserCodeApplicationId;)V+14
j  org.gradle.configuration.BuildOperationScriptPlugin$$Lambda$435+0x0000015bb241a5b8.execute(Ljava/lang/Object;)V+12
J 19855 c1 org.gradle.internal.code.DefaultUserCodeApplicationContext.apply(Lorg/gradle/internal/code/UserCodeSource;Lorg/gradle/api/Action;)V (67 bytes) @ 0x0000015b9b208e1c [0x0000015b9b2087e0+0x000000000000063c]
j  org.gradle.configuration.BuildOperationScriptPlugin.apply(Ljava/lang/Object;)V+71
j  org.gradle.initialization.ScriptEvaluatingSettingsProcessor.applySettingsScript(Lorg/gradle/groovy/scripts/TextResourceScriptSource;Lorg/gradle/api/internal/SettingsInternal;)V+32
j  org.gradle.initialization.ScriptEvaluatingSettingsProcessor.process(Lorg/gradle/api/internal/GradleInternal;Lorg/gradle/initialization/SettingsLocation;Lorg/gradle/api/internal/initialization/ClassLoaderScope;Lorg/gradle/StartParameter;)Lorg/gradle/initialization/SettingsState;+90
j  org.gradle.initialization.SettingsEvaluatedCallbackFiringSettingsProcessor.process(Lorg/gradle/api/internal/GradleInternal;Lorg/gradle/initialization/SettingsLocation;Lorg/gradle/api/internal/initialization/ClassLoaderScope;Lorg/gradle/StartParameter;)Lorg/gradle/initialization/SettingsState;+9
j  org.gradle.initialization.RootBuildCacheControllerSettingsProcessor.process(Lorg/gradle/api/internal/GradleInternal;Lorg/gradle/initialization/SettingsLocation;Lorg/gradle/api/internal/initialization/ClassLoaderScope;Lorg/gradle/StartParameter;)Lorg/gradle/initialization/SettingsState;+9
j  org.gradle.initialization.BuildOperationSettingsProcessor$2.call(Lorg/gradle/internal/operations/BuildOperationContext;)Lorg/gradle/initialization/SettingsState;+23
j  org.gradle.initialization.BuildOperationSettingsProcessor$2.call(Lorg/gradle/internal/operations/BuildOperationContext;)Ljava/lang/Object;+2
J 22486 c2 org.gradle.internal.operations.DefaultBuildOperationRunner$CallableBuildOperationWorker.execute(Lorg/gradle/internal/operations/BuildOperation;Lorg/gradle/internal/operations/BuildOperationContext;)V (10 bytes) @ 0x0000015ba15cb88c [0x0000015ba15cb820+0x000000000000006c]
J 27617 c2 org.gradle.internal.operations.DefaultBuildOperationRunner$2.execute(Lorg/gradle/internal/operations/BuildOperationDescriptor;Lorg/gradle/internal/operations/BuildOperationState;Lorg/gradle/internal/operations/BuildOperationState;Lorg/gradle/internal/operations/DefaultBuildOperationRunner$ReadableBuildOperationContext;Lorg/gradle/internal/operations/DefaultBuildOperationRunner$BuildOperationExecutionListener;)Lorg/gradle/internal/operations/BuildOperation; (110 bytes) @ 0x0000015ba1b098c4 [0x0000015ba1b09820+0x00000000000000a4]
J 7770 c1 org.gradle.internal.operations.DefaultBuildOperationRunner$2.execute(Lorg/gradle/internal/operations/BuildOperationDescriptor;Lorg/gradle/internal/operations/BuildOperationState;Lorg/gradle/internal/operations/BuildOperationState;Lorg/gradle/internal/operations/DefaultBuildOperationRunner$ReadableBuildOperationContext;Lorg/gradle/internal/operations/DefaultBuildOperationRunner$BuildOperationExecutionListener;)Ljava/lang/Object; (12 bytes) @ 0x0000015b99c7cc94 [0x0000015b99c7cc20+0x0000000000000074]
j  org.gradle.internal.operations.DefaultBuildOperationRunner.execute(Lorg/gradle/internal/operations/BuildOperationDescriptor$Builder;Lorg/gradle/internal/operations/BuildOperationState;Lorg/gradle/internal/operations/DefaultBuildOperationRunner$BuildOperationExecution;)Ljava/lang/Object;+141
J 19641 c2 org.gradle.internal.operations.DefaultBuildOperationRunner.execute(Lorg/gradle/internal/operations/BuildOperation;Lorg/gradle/internal/operations/BuildOperationWorker;Lorg/gradle/internal/operations/BuildOperationState;)V (23 bytes) @ 0x0000015ba13a3ed8 [0x0000015ba13a3e20+0x00000000000000b8]
j  org.gradle.internal.operations.DefaultBuildOperationRunner.call(Lorg/gradle/internal/operations/CallableBuildOperation;)Ljava/lang/Object;+16
j  org.gradle.initialization.BuildOperationSettingsProcessor.process(Lorg/gradle/api/internal/GradleInternal;Lorg/gradle/initialization/SettingsLocation;Lorg/gradle/api/internal/initialization/ClassLoaderScope;Lorg/gradle/StartParameter;)Lorg/gradle/initialization/SettingsState;+17
j  org.gradle.initialization.DefaultSettingsLoader.findSettingsAndLoadIfAppropriate(Lorg/gradle/api/internal/GradleInternal;Lorg/gradle/StartParameter;Lorg/gradle/initialization/SettingsLocation;Lorg/gradle/api/internal/initialization/ClassLoaderScope;)Lorg/gradle/initialization/SettingsState;+9
j  org.gradle.initialization.DefaultSettingsLoader.findAndLoadSettings(Lorg/gradle/api/internal/GradleInternal;)Lorg/gradle/initialization/SettingsState;+103
j  org.gradle.initialization.SettingsAttachingSettingsLoader.findAndLoadSettings(Lorg/gradle/api/internal/GradleInternal;)Lorg/gradle/initialization/SettingsState;+5
j  org.gradle.internal.composite.CommandLineIncludedBuildSettingsLoader.findAndLoadSettings(Lorg/gradle/api/internal/GradleInternal;)Lorg/gradle/initialization/SettingsState;+5
j  org.gradle.internal.composite.ChildBuildRegisteringSettingsLoader.findAndLoadSettings(Lorg/gradle/api/internal/GradleInternal;)Lorg/gradle/initialization/SettingsState;+5
j  org.gradle.internal.composite.CompositeBuildSettingsLoader.findAndLoadSettings(Lorg/gradle/api/internal/GradleInternal;)Lorg/gradle/initialization/SettingsState;+5
j  org.gradle.initialization.InitScriptHandlingSettingsLoader.findAndLoadSettings(Lorg/gradle/api/internal/GradleInternal;)Lorg/gradle/initialization/SettingsState;+13
j  org.gradle.api.internal.initialization.CacheConfigurationsHandlingSettingsLoader.findAndLoadSettings(Lorg/gradle/api/internal/GradleInternal;)Lorg/gradle/initialization/SettingsState;+15
j  org.gradle.initialization.GradlePropertiesHandlingSettingsLoader.findAndLoadSettings(Lorg/gradle/api/internal/GradleInternal;)Lorg/gradle/initialization/SettingsState;+40
j  org.gradle.initialization.DefaultSettingsPreparer.prepareSettings(Lorg/gradle/api/internal/GradleInternal;)V+33
j  org.gradle.initialization.BuildOperationFiringSettingsPreparer$LoadBuild.doLoadBuild()V+11
j  org.gradle.initialization.BuildOperationFiringSettingsPreparer$LoadBuild.run(Lorg/gradle/internal/operations/BuildOperationContext;)V+1
J 20815 c2 org.gradle.internal.operations.DefaultBuildOperationRunner$1.execute(Lorg/gradle/internal/operations/BuildOperation;Lorg/gradle/internal/operations/BuildOperationContext;)V (10 bytes) @ 0x0000015ba150fc88 [0x0000015ba150fc20+0x0000000000000068]
J 27617 c2 org.gradle.internal.operations.DefaultBuildOperationRunner$2.execute(Lorg/gradle/internal/operations/BuildOperationDescriptor;Lorg/gradle/internal/operations/BuildOperationState;Lorg/gradle/internal/operations/BuildOperationState;Lorg/gradle/internal/operations/DefaultBuildOperationRunner$ReadableBuildOperationContext;Lorg/gradle/internal/operations/DefaultBuildOperationRunner$BuildOperationExecutionListener;)Lorg/gradle/internal/operations/BuildOperation; (110 bytes) @ 0x0000015ba1b098c4 [0x0000015ba1b09820+0x00000000000000a4]
J 7770 c1 org.gradle.internal.operations.DefaultBuildOperationRunner$2.execute(Lorg/gradle/internal/operations/BuildOperationDescriptor;Lorg/gradle/internal/operations/BuildOperationState;Lorg/gradle/internal/operations/BuildOperationState;Lorg/gradle/internal/operations/DefaultBuildOperationRunner$ReadableBuildOperationContext;Lorg/gradle/internal/operations/DefaultBuildOperationRunner$BuildOperationExecutionListener;)Ljava/lang/Object; (12 bytes) @ 0x0000015b99c7cc94 [0x0000015b99c7cc20+0x0000000000000074]
j  org.gradle.internal.operations.DefaultBuildOperationRunner.execute(Lorg/gradle/internal/operations/BuildOperationDescriptor$Builder;Lorg/gradle/internal/operations/BuildOperationState;Lorg/gradle/internal/operations/DefaultBuildOperationRunner$BuildOperationExecution;)Ljava/lang/Object;+141
J 19641 c2 org.gradle.internal.operations.DefaultBuildOperationRunner.execute(Lorg/gradle/internal/operations/BuildOperation;Lorg/gradle/internal/operations/BuildOperationWorker;Lorg/gradle/internal/operations/BuildOperationState;)V (23 bytes) @ 0x0000015ba13a3ed8 [0x0000015ba13a3e20+0x00000000000000b8]
j  org.gradle.internal.operations.DefaultBuildOperationRunner.run(Lorg/gradle/internal/operations/RunnableBuildOperation;)V+9
j  org.gradle.initialization.BuildOperationFiringSettingsPreparer.prepareSettings(Lorg/gradle/api/internal/GradleInternal;)V+31
j  org.gradle.initialization.VintageBuildModelController.lambda$prepareSettings$1()V+8
j  org.gradle.initialization.VintageBuildModelController$$Lambda$413+0x0000015bb23b4440.run()V+4
j  org.gradle.internal.model.StateTransitionController.lambda$doTransition$14(Ljava/lang/Runnable;)Lorg/gradle/internal/build/ExecutionResult;+1
j  org.gradle.internal.model.StateTransitionController$$Lambda$415+0x0000015bb23b4880.get()Ljava/lang/Object;+4
j  org.gradle.internal.model.StateTransitionController.doTransition(Lorg/gradle/internal/model/StateTransitionController$State;Lorg/gradle/internal/model/StateTransitionController$State;Ljava/util/function/Supplier;)Lorg/gradle/internal/build/ExecutionResult;+24
j  org.gradle.internal.model.StateTransitionController.doTransition(Lorg/gradle/internal/model/StateTransitionController$State;Lorg/gradle/internal/model/StateTransitionController$State;Ljava/lang/Runnable;)V+9
j  org.gradle.internal.model.StateTransitionController.lambda$transitionIfNotPreviously$11(Lorg/gradle/internal/model/StateTransitionController$State;Lorg/gradle/internal/model/StateTransitionController$State;Ljava/lang/Runnable;)V+16
j  org.gradle.internal.model.StateTransitionController$$Lambda$414+0x0000015bb23b4660.run()V+16
J 28296 c1 org.gradle.internal.model.StateTransitionController.transitionIfNotPreviously(Lorg/gradle/internal/model/StateTransitionController$State;Lorg/gradle/internal/model/StateTransitionController$State;Ljava/lang/Runnable;)V (19 bytes) @ 0x0000015b9be70184 [0x0000015b9be6fb00+0x0000000000000684]
j  org.gradle.initialization.VintageBuildModelController.prepareSettings()V+16
j  org.gradle.initialization.VintageBuildModelController.getConfiguredModel()Lorg/gradle/api/internal/GradleInternal;+1
j  org.gradle.internal.build.DefaultBuildLifecycleController.lambda$withProjectsConfigured$1(Ljava/util/function/Function;)Ljava/lang/Object;+5
j  org.gradle.internal.build.DefaultBuildLifecycleController$$Lambda$411+0x0000015bb23b4000.get()Ljava/lang/Object;+8
j  org.gradle.internal.model.StateTransitionController.lambda$notInState$3(Lorg/gradle/internal/model/StateTransitionController$State;Ljava/util/function/Supplier;)Ljava/lang/Object;+11
j  org.gradle.internal.model.StateTransitionController$$Lambda$412+0x0000015bb23b4220.create()Ljava/lang/Object;+12
j  org.gradle.internal.work.DefaultSynchronizer.withLock(Lorg/gradle/internal/Factory;)Ljava/lang/Object;+6
j  org.gradle.internal.model.StateTransitionController.notInState(Lorg/gradle/internal/model/StateTransitionController$State;Ljava/util/function/Supplier;)Ljava/lang/Object;+12
j  org.gradle.internal.build.DefaultBuildLifecycleController.withProjectsConfigured(Ljava/util/function/Function;)Ljava/lang/Object;+14
j  org.gradle.internal.build.DefaultBuildToolingModelController.locateBuilderForTarget(Ljava/lang/String;Z)Lorg/gradle/tooling/provider/model/internal/ToolingModelScope;+38
j  org.gradle.internal.buildtree.DefaultBuildTreeModelCreator$DefaultBuildTreeModelController.lambda$locateBuilderForBuildTarget$0(Ljava/lang/String;ZLorg/gradle/internal/build/BuildToolingModelController;)Lorg/gradle/tooling/provider/model/internal/ToolingModelScope;+3
j  org.gradle.internal.buildtree.DefaultBuildTreeModelCreator$DefaultBuildTreeModelController$$Lambda$391+0x0000015bb2390e90.apply(Ljava/lang/Object;)Ljava/lang/Object;+12
j  org.gradle.internal.build.DefaultBuildLifecycleController.withToolingModels(Ljava/util/function/Function;)Ljava/lang/Object;+15
j  org.gradle.internal.build.AbstractBuildState.withToolingModels(Ljava/util/function/Function;)Ljava/lang/Object;+5
j  org.gradle.internal.buildtree.DefaultBuildTreeModelCreator$DefaultBuildTreeModelController.locateBuilderForBuildTarget(Lorg/gradle/internal/build/BuildState;Ljava/lang/String;Z)Lorg/gradle/tooling/provider/model/internal/ToolingModelScope;+8
j  org.gradle.internal.buildtree.DefaultBuildTreeModelCreator$DefaultBuildTreeModelController.locateBuilderForDefaultTarget(Ljava/lang/String;Z)Lorg/gradle/tooling/provider/model/internal/ToolingModelScope;+10
j  org.gradle.internal.buildtree.DefaultBuildTreeModelCreator$DefaultBuildTreeModelController.locateBuilderForTarget(Lorg/gradle/internal/buildtree/BuildTreeModelTarget;Ljava/lang/String;Z)Lorg/gradle/tooling/provider/model/internal/ToolingModelScope;+10
j  org.gradle.internal.buildtree.DefaultBuildTreeModelCreator$DefaultBuildTreeModelController.access$200(Lorg/gradle/internal/buildtree/DefaultBuildTreeModelCreator$DefaultBuildTreeModelController;Lorg/gradle/internal/buildtree/BuildTreeModelTarget;Ljava/lang/String;Z)Lorg/gradle/tooling/provider/model/internal/ToolingModelScope;+4
j  org.gradle.internal.buildtree.DefaultBuildTreeModelCreator$DefaultBuildTreeModelController$1.call(Lorg/gradle/internal/operations/BuildOperationContext;)Ljava/lang/Object;+24
J 22486 c2 org.gradle.internal.operations.DefaultBuildOperationRunner$CallableBuildOperationWorker.execute(Lorg/gradle/internal/operations/BuildOperation;Lorg/gradle/internal/operations/BuildOperationContext;)V (10 bytes) @ 0x0000015ba15cb88c [0x0000015ba15cb820+0x000000000000006c]
J 27617 c2 org.gradle.internal.operations.DefaultBuildOperationRunner$2.execute(Lorg/gradle/internal/operations/BuildOperationDescriptor;Lorg/gradle/internal/operations/BuildOperationState;Lorg/gradle/internal/operations/BuildOperationState;Lorg/gradle/internal/operations/DefaultBuildOperationRunner$ReadableBuildOperationContext;Lorg/gradle/internal/operations/DefaultBuildOperationRunner$BuildOperationExecutionListener;)Lorg/gradle/internal/operations/BuildOperation; (110 bytes) @ 0x0000015ba1b098c4 [0x0000015ba1b09820+0x00000000000000a4]
J 7770 c1 org.gradle.internal.operations.DefaultBuildOperationRunner$2.execute(Lorg/gradle/internal/operations/BuildOperationDescriptor;Lorg/gradle/internal/operations/BuildOperationState;Lorg/gradle/internal/operations/BuildOperationState;Lorg/gradle/internal/operations/DefaultBuildOperationRunner$ReadableBuildOperationContext;Lorg/gradle/internal/operations/DefaultBuildOperationRunner$BuildOperationExecutionListener;)Ljava/lang/Object; (12 bytes) @ 0x0000015b99c7cc94 [0x0000015b99c7cc20+0x0000000000000074]
j  org.gradle.internal.operations.DefaultBuildOperationRunner.execute(Lorg/gradle/internal/operations/BuildOperationDescriptor$Builder;Lorg/gradle/internal/operations/BuildOperationState;Lorg/gradle/internal/operations/DefaultBuildOperationRunner$BuildOperationExecution;)Ljava/lang/Object;+141
J 19641 c2 org.gradle.internal.operations.DefaultBuildOperationRunner.execute(Lorg/gradle/internal/operations/BuildOperation;Lorg/gradle/internal/operations/BuildOperationWorker;Lorg/gradle/internal/operations/BuildOperationState;)V (23 bytes) @ 0x0000015ba13a3ed8 [0x0000015ba13a3e20+0x00000000000000b8]
j  org.gradle.internal.operations.DefaultBuildOperationRunner.call(Lorg/gradle/internal/operations/CallableBuildOperation;)Ljava/lang/Object;+16
j  org.gradle.internal.buildtree.DefaultBuildTreeModelCreator$DefaultBuildTreeModelController.getModel(Lorg/gradle/internal/buildtree/BuildTreeModelTarget;Ljava/lang/String;Ljava/lang/Object;)Ljava/lang/Object;+18
j  org.gradle.tooling.internal.provider.runner.BuildModelActionRunner$ModelCreateAction.fromBuildModel(Lorg/gradle/internal/buildtree/BuildTreeModelController;)Ljava/lang/Object;+14
j  org.gradle.internal.buildtree.DefaultBuildTreeModelCreator.fromBuildModel(Lorg/gradle/internal/buildtree/BuildTreeModelAction;)Ljava/lang/Object;+10
j  org.gradle.internal.buildtree.DefaultBuildTreeLifecycleController.lambda$fromBuildModel$2(Lorg/gradle/internal/buildtree/BuildTreeModelAction;Z)Lorg/gradle/internal/build/ExecutionResult;+57
j  org.gradle.internal.buildtree.DefaultBuildTreeLifecycleController$$Lambda$387+0x0000015bb2382528.get()Ljava/lang/Object;+12
j  org.gradle.internal.buildtree.DefaultBuildTreeLifecycleController.lambda$runBuild$4(Ljava/util/function/Supplier;)Ljava/lang/Object;+1
j  org.gradle.internal.buildtree.DefaultBuildTreeLifecycleController$$Lambda$388+0x0000015bb2382748.get()Ljava/lang/Object;+8
j  org.gradle.internal.model.StateTransitionController.lambda$transition$6(Ljava/util/function/Supplier;)Lorg/gradle/internal/build/ExecutionResult;+1
j  org.gradle.internal.model.StateTransitionController$$Lambda$390+0x0000015bb2382b88.get()Ljava/lang/Object;+4
j  org.gradle.internal.model.StateTransitionController.doTransition(Lorg/gradle/internal/model/StateTransitionController$State;Lorg/gradle/internal/model/StateTransitionController$State;Ljava/util/function/Supplier;)Lorg/gradle/internal/build/ExecutionResult;+24
j  org.gradle.internal.model.StateTransitionController.lambda$transition$7(Lorg/gradle/internal/model/StateTransitionController$State;Lorg/gradle/internal/model/StateTransitionController$State;Ljava/util/function/Supplier;)Ljava/lang/Object;+9
j  org.gradle.internal.model.StateTransitionController$$Lambda$389+0x0000015bb2382968.create()Ljava/lang/Object;+16
j  org.gradle.internal.work.DefaultSynchronizer.withLock(Lorg/gradle/internal/Factory;)Ljava/lang/Object;+6
j  org.gradle.internal.model.StateTransitionController.transition(Lorg/gradle/internal/model/StateTransitionController$State;Lorg/gradle/internal/model/StateTransitionController$State;Ljava/util/function/Supplier;)Ljava/lang/Object;+13
j  org.gradle.internal.buildtree.DefaultBuildTreeLifecycleController.runBuild(Ljava/util/function/Supplier;)Ljava/lang/Object;+17
j  org.gradle.internal.buildtree.DefaultBuildTreeLifecycleController.fromBuildModel(ZLorg/gradle/internal/buildtree/BuildTreeModelAction;)Ljava/lang/Object;+9
j  org.gradle.tooling.internal.provider.runner.BuildModelActionRunner.run(Lorg/gradle/internal/invocation/BuildAction;Lorg/gradle/internal/buildtree/BuildTreeLifecycleController;)Lorg/gradle/internal/buildtree/BuildActionRunner$Result;+40
j  org.gradle.launcher.exec.ChainingBuildActionRunner.run(Lorg/gradle/internal/invocation/BuildAction;Lorg/gradle/internal/buildtree/BuildTreeLifecycleController;)Lorg/gradle/internal/buildtree/BuildActionRunner$Result;+34
j  org.gradle.internal.buildtree.ProblemReportingBuildActionRunner.run(Lorg/gradle/internal/invocation/BuildAction;Lorg/gradle/internal/buildtree/BuildTreeLifecycleController;)Lorg/gradle/internal/buildtree/BuildActionRunner$Result;+12
j  org.gradle.launcher.exec.BuildOutcomeReportingBuildActionRunner.run(Lorg/gradle/internal/invocation/BuildAction;Lorg/gradle/internal/buildtree/BuildTreeLifecycleController;)Lorg/gradle/internal/buildtree/BuildActionRunner$Result;+69
j  org.gradle.tooling.internal.provider.FileSystemWatchingBuildActionRunner.run(Lorg/gradle/internal/invocation/BuildAction;Lorg/gradle/internal/buildtree/BuildTreeLifecycleController;)Lorg/gradle/internal/buildtree/BuildActionRunner$Result;+317
j  org.gradle.launcher.exec.BuildCompletionNotifyingBuildActionRunner.run(Lorg/gradle/internal/invocation/BuildAction;Lorg/gradle/internal/buildtree/BuildTreeLifecycleController;)Lorg/gradle/internal/buildtree/BuildActionRunner$Result;+6
j  org.gradle.launcher.exec.RootBuildLifecycleBuildActionExecutor.lambda$execute$0(Lorg/gradle/internal/invocation/BuildAction;Lorg/gradle/internal/buildtree/BuildTreeLifecycleController;)Lorg/gradle/internal/buildtree/BuildActionRunner$Result;+6
j  org.gradle.launcher.exec.RootBuildLifecycleBuildActionExecutor$$Lambda$297+0x0000015bb234f208.apply(Ljava/lang/Object;)Ljava/lang/Object;+12
j  org.gradle.composite.internal.DefaultRootBuildState.run(Ljava/util/function/Function;)Ljava/lang/Object;+87
j  org.gradle.launcher.exec.RootBuildLifecycleBuildActionExecutor.execute(Lorg/gradle/internal/invocation/BuildAction;Lorg/gradle/internal/buildtree/BuildTreeContext;)Lorg/gradle/internal/buildtree/BuildActionRunner$Result;+75
j  org.gradle.internal.buildtree.InitDeprecationLoggingActionExecutor.execute(Lorg/gradle/internal/invocation/BuildAction;Lorg/gradle/internal/buildtree/BuildTreeContext;)Lorg/gradle/internal/buildtree/BuildActionRunner$Result;+83
j  org.gradle.internal.buildtree.InitProblems.execute(Lorg/gradle/internal/invocation/BuildAction;Lorg/gradle/internal/buildtree/BuildTreeContext;)Lorg/gradle/internal/buildtree/BuildActionRunner$Result;+13
j  org.gradle.internal.buildtree.DefaultBuildTreeContext.execute(Lorg/gradle/internal/invocation/BuildAction;)Lorg/gradle/internal/buildtree/BuildActionRunner$Result;+64
j  org.gradle.launcher.exec.BuildTreeLifecycleBuildActionExecutor.lambda$execute$0(Lorg/gradle/internal/invocation/BuildAction;Lorg/gradle/internal/buildtree/BuildTreeContext;)Lorg/gradle/internal/buildtree/BuildActionRunner$Result;+2
j  org.gradle.launcher.exec.BuildTreeLifecycleBuildActionExecutor$$Lambda$244+0x0000015bb2299d00.apply(Ljava/lang/Object;)Ljava/lang/Object;+8
j  org.gradle.internal.buildtree.BuildTreeState.run(Ljava/util/function/Function;)Ljava/lang/Object;+47
j  org.gradle.launcher.exec.BuildTreeLifecycleBuildActionExecutor.execute(Lorg/gradle/internal/invocation/BuildAction;Lorg/gradle/internal/session/BuildSessionContext;)Lorg/gradle/internal/buildtree/BuildActionRunner$Result;+74
j  org.gradle.launcher.exec.RunAsBuildOperationBuildActionExecutor$2.call(Lorg/gradle/internal/operations/BuildOperationContext;)Lorg/gradle/internal/buildtree/BuildActionRunner$Result;+25
j  org.gradle.launcher.exec.RunAsBuildOperationBuildActionExecutor$2.call(Lorg/gradle/internal/operations/BuildOperationContext;)Ljava/lang/Object;+2
J 22486 c2 org.gradle.internal.operations.DefaultBuildOperationRunner$CallableBuildOperationWorker.execute(Lorg/gradle/internal/operations/BuildOperation;Lorg/gradle/internal/operations/BuildOperationContext;)V (10 bytes) @ 0x0000015ba15cb88c [0x0000015ba15cb820+0x000000000000006c]
J 27617 c2 org.gradle.internal.operations.DefaultBuildOperationRunner$2.execute(Lorg/gradle/internal/operations/BuildOperationDescriptor;Lorg/gradle/internal/operations/BuildOperationState;Lorg/gradle/internal/operations/BuildOperationState;Lorg/gradle/internal/operations/DefaultBuildOperationRunner$ReadableBuildOperationContext;Lorg/gradle/internal/operations/DefaultBuildOperationRunner$BuildOperationExecutionListener;)Lorg/gradle/internal/operations/BuildOperation; (110 bytes) @ 0x0000015ba1b098c4 [0x0000015ba1b09820+0x00000000000000a4]
J 7770 c1 org.gradle.internal.operations.DefaultBuildOperationRunner$2.execute(Lorg/gradle/internal/operations/BuildOperationDescriptor;Lorg/gradle/internal/operations/BuildOperationState;Lorg/gradle/internal/operations/BuildOperationState;Lorg/gradle/internal/operations/DefaultBuildOperationRunner$ReadableBuildOperationContext;Lorg/gradle/internal/operations/DefaultBuildOperationRunner$BuildOperationExecutionListener;)Ljava/lang/Object; (12 bytes) @ 0x0000015b99c7cc94 [0x0000015b99c7cc20+0x0000000000000074]
j  org.gradle.internal.operations.DefaultBuildOperationRunner.execute(Lorg/gradle/internal/operations/BuildOperationDescriptor$Builder;Lorg/gradle/internal/operations/BuildOperationState;Lorg/gradle/internal/operations/DefaultBuildOperationRunner$BuildOperationExecution;)Ljava/lang/Object;+141
J 19641 c2 org.gradle.internal.operations.DefaultBuildOperationRunner.execute(Lorg/gradle/internal/operations/BuildOperation;Lorg/gradle/internal/operations/BuildOperationWorker;Lorg/gradle/internal/operations/BuildOperationState;)V (23 bytes) @ 0x0000015ba13a3ed8 [0x0000015ba13a3e20+0x00000000000000b8]
j  org.gradle.internal.operations.DefaultBuildOperationRunner.call(Lorg/gradle/internal/operations/CallableBuildOperation;)Ljava/lang/Object;+16
j  org.gradle.launcher.exec.RunAsBuildOperationBuildActionExecutor.execute(Lorg/gradle/internal/invocation/BuildAction;Lorg/gradle/internal/session/BuildSessionContext;)Lorg/gradle/internal/buildtree/BuildActionRunner$Result;+23
j  org.gradle.launcher.exec.RunAsWorkerThreadBuildActionExecutor.lambda$execute$0(Lorg/gradle/internal/invocation/BuildAction;Lorg/gradle/internal/session/BuildSessionContext;)Lorg/gradle/internal/buildtree/BuildActionRunner$Result;+6
j  org.gradle.launcher.exec.RunAsWorkerThreadBuildActionExecutor$$Lambda$236+0x0000015bb22695a0.create()Ljava/lang/Object;+12
J 23189 c1 org.gradle.internal.work.DefaultWorkerLeaseService.withLocks(Ljava/util/Collection;Lorg/gradle/internal/Factory;)Ljava/lang/Object; (53 bytes) @ 0x0000015b9b7fbe24 [0x0000015b9b7fb9c0+0x0000000000000464]
J 22445 c1 org.gradle.internal.work.DefaultWorkerLeaseService.runAsWorkerThread(Lorg/gradle/internal/Factory;)Ljava/lang/Object; (37 bytes) @ 0x0000015b9b65e9c4 [0x0000015b9b65e440+0x0000000000000584]
j  org.gradle.launcher.exec.RunAsWorkerThreadBuildActionExecutor.execute(Lorg/gradle/internal/invocation/BuildAction;Lorg/gradle/internal/session/BuildSessionContext;)Lorg/gradle/internal/buildtree/BuildActionRunner$Result;+12
j  org.gradle.tooling.internal.provider.continuous.ContinuousBuildActionExecutor.execute(Lorg/gradle/internal/invocation/BuildAction;Lorg/gradle/internal/session/BuildSessionContext;)Lorg/gradle/internal/buildtree/BuildActionRunner$Result;+58
j  org.gradle.tooling.internal.provider.SubscribableBuildActionExecutor.execute(Lorg/gradle/internal/invocation/BuildAction;Lorg/gradle/internal/session/BuildSessionContext;)Lorg/gradle/internal/buildtree/BuildActionRunner$Result;+30
j  org.gradle.internal.session.DefaultBuildSessionContext.execute(Lorg/gradle/internal/invocation/BuildAction;)Lorg/gradle/internal/buildtree/BuildActionRunner$Result;+64
j  org.gradle.internal.buildprocess.execution.BuildSessionLifecycleBuildActionExecutor$ActionImpl.apply(Lorg/gradle/internal/session/BuildSessionContext;)Lorg/gradle/launcher/exec/BuildActionResult;+6
j  org.gradle.internal.buildprocess.execution.BuildSessionLifecycleBuildActionExecutor$ActionImpl.apply(Ljava/lang/Object;)Ljava/lang/Object;+5
j  org.gradle.internal.session.BuildSessionState.run(Ljava/util/function/Function;)Ljava/lang/Object;+5
j  org.gradle.internal.buildprocess.execution.BuildSessionLifecycleBuildActionExecutor.execute(Lorg/gradle/internal/invocation/BuildAction;Lorg/gradle/launcher/exec/BuildActionParameters;Lorg/gradle/initialization/BuildRequestContext;)Lorg/gradle/launcher/exec/BuildActionResult;+95
j  org.gradle.internal.buildprocess.execution.BuildSessionLifecycleBuildActionExecutor.execute(Lorg/gradle/internal/invocation/BuildAction;Ljava/lang/Object;Ljava/lang/Object;)Lorg/gradle/launcher/exec/BuildActionResult;+10
j  org.gradle.internal.buildprocess.execution.StartParamsValidatingActionExecutor.execute(Lorg/gradle/internal/invocation/BuildAction;Lorg/gradle/launcher/exec/BuildActionParameters;Lorg/gradle/initialization/BuildRequestContext;)Lorg/gradle/launcher/exec/BuildActionResult;+203
j  org.gradle.internal.buildprocess.execution.StartParamsValidatingActionExecutor.execute(Lorg/gradle/internal/invocation/BuildAction;Ljava/lang/Object;Ljava/lang/Object;)Lorg/gradle/launcher/exec/BuildActionResult;+10
j  org.gradle.internal.buildprocess.execution.SessionFailureReportingActionExecutor.execute(Lorg/gradle/internal/invocation/BuildAction;Lorg/gradle/launcher/exec/BuildActionParameters;Lorg/gradle/initialization/BuildRequestContext;)Lorg/gradle/launcher/exec/BuildActionResult;+7
j  org.gradle.internal.buildprocess.execution.SessionFailureReportingActionExecutor.execute(Lorg/gradle/internal/invocation/BuildAction;Ljava/lang/Object;Ljava/lang/Object;)Lorg/gradle/launcher/exec/BuildActionResult;+10
j  org.gradle.internal.buildprocess.execution.SetupLoggingActionExecutor.execute(Lorg/gradle/internal/invocation/BuildAction;Lorg/gradle/launcher/exec/BuildActionParameters;Lorg/gradle/initialization/BuildRequestContext;)Lorg/gradle/launcher/exec/BuildActionResult;+50
j  org.gradle.internal.buildprocess.execution.SetupLoggingActionExecutor.execute(Lorg/gradle/internal/invocation/BuildAction;Ljava/lang/Object;Ljava/lang/Object;)Lorg/gradle/launcher/exec/BuildActionResult;+10
j  org.gradle.launcher.daemon.server.exec.ExecuteBuild.doBuild(Lorg/gradle/launcher/daemon/server/api/DaemonCommandExecution;Lorg/gradle/launcher/daemon/protocol/Build;)V+147
j  org.gradle.launcher.daemon.server.exec.BuildCommandOnly.execute(Lorg/gradle/launcher/daemon/server/api/DaemonCommandExecution;)V+49
j  org.gradle.launcher.daemon.server.api.DaemonCommandExecution.proceed()Z+23
j  org.gradle.launcher.daemon.server.exec.WatchForDisconnection.execute(Lorg/gradle/launcher/daemon/server/api/DaemonCommandExecution;)V+19
j  org.gradle.launcher.daemon.server.api.DaemonCommandExecution.proceed()Z+23
j  org.gradle.launcher.daemon.server.exec.ResetDeprecationLogger.execute(Lorg/gradle/launcher/daemon/server/api/DaemonCommandExecution;)V+7
j  org.gradle.launcher.daemon.server.api.DaemonCommandExecution.proceed()Z+23
j  org.gradle.launcher.daemon.server.exec.RequestStopIfSingleUsedDaemon.execute(Lorg/gradle/launcher/daemon/server/api/DaemonCommandExecution;)V+33
j  org.gradle.launcher.daemon.server.api.DaemonCommandExecution.proceed()Z+23
j  org.gradle.launcher.daemon.server.exec.ForwardClientInput.lambda$execute$0(Lorg/gradle/launcher/daemon/server/api/DaemonCommandExecution;Lorg/gradle/internal/daemon/clientinput/StdinHandler;)Ljava/lang/Object;+11
j  org.gradle.launcher.daemon.server.exec.ForwardClientInput$$Lambda$127+0x0000015bb2185c08.apply(Ljava/lang/Object;)Ljava/lang/Object;+8
j  org.gradle.internal.daemon.clientinput.ClientInputForwarder.forwardInput(Ljava/util/function/Function;)Ljava/lang/Object;+46
j  org.gradle.launcher.daemon.server.exec.ForwardClientInput.execute(Lorg/gradle/launcher/daemon/server/api/DaemonCommandExecution;)V+10
j  org.gradle.launcher.daemon.server.api.DaemonCommandExecution.proceed()Z+23
j  org.gradle.launcher.daemon.server.exec.LogAndCheckHealth.execute(Lorg/gradle/launcher/daemon/server/api/DaemonCommandExecution;)V+51
j  org.gradle.launcher.daemon.server.api.DaemonCommandExecution.proceed()Z+23
j  org.gradle.launcher.daemon.server.exec.LogToClient.doBuild(Lorg/gradle/launcher/daemon/server/api/DaemonCommandExecution;Lorg/gradle/launcher/daemon/protocol/Build;)V+87
j  org.gradle.launcher.daemon.server.exec.BuildCommandOnly.execute(Lorg/gradle/launcher/daemon/server/api/DaemonCommandExecution;)V+49
j  org.gradle.launcher.daemon.server.api.DaemonCommandExecution.proceed()Z+23
j  org.gradle.launcher.daemon.server.exec.EstablishBuildEnvironment.doBuild(Lorg/gradle/launcher/daemon/server/api/DaemonCommandExecution;Lorg/gradle/launcher/daemon/protocol/Build;)V+356
j  org.gradle.launcher.daemon.server.exec.BuildCommandOnly.execute(Lorg/gradle/launcher/daemon/server/api/DaemonCommandExecution;)V+49
j  org.gradle.launcher.daemon.server.api.DaemonCommandExecution.proceed()Z+23
j  org.gradle.launcher.daemon.server.exec.StartBuildOrRespondWithBusy$1.run()V+44
j  org.gradle.launcher.daemon.server.DaemonStateCoordinator.lambda$runCommand$0(Ljava/lang/Runnable;)V+1
j  org.gradle.launcher.daemon.server.DaemonStateCoordinator$$Lambda$126+0x0000015bb2184670.run()V+8
J 19110 c2 org.gradle.internal.concurrent.ExecutorPolicy$CatchAndRecordFailures.onExecute(Ljava/lang/Runnable;)V (29 bytes) @ 0x0000015ba12dbe48 [0x0000015ba12dbe00+0x0000000000000048]
J 17379 c1 org.gradle.internal.concurrent.AbstractManagedExecutor$1.run()V (57 bytes) @ 0x0000015b992b36bc [0x0000015b992b3500+0x00000000000001bc]
j  java.util.concurrent.ThreadPoolExecutor.runWorker(Ljava/util/concurrent/ThreadPoolExecutor$Worker;)V+92 java.base@17.0.13
j  java.util.concurrent.ThreadPoolExecutor$Worker.run()V+5 java.base@17.0.13
j  java.lang.Thread.run()V+11 java.base@17.0.13
v  ~StubRoutines::call_stub

Compiled method (n/a)  219243  795     n 0       java.lang.ClassLoader::defineClass1 (native)
 total in heap  [0x0000015ba0a25a90,0x0000015ba0a25f70] = 1248
 relocation     [0x0000015ba0a25be8,0x0000015ba0a25c20] = 56
 main code      [0x0000015ba0a25c20,0x0000015ba0a25f70] = 848

[Constant Pool (empty)]

[MachCode]
[Entry Point]
  # {method} {0x0000015bb1010f28} 'defineClass1' '(Ljava/lang/ClassLoader;Ljava/lang/String;[BIILjava/security/ProtectionDomain;Ljava/lang/String;)Ljava/lang/Class;' in 'java/lang/ClassLoader'
  # parm0:    rdx:rdx   = 'java/lang/ClassLoader'
  # parm1:    r8:r8     = 'java/lang/String'
  # parm2:    r9:r9     = '[B'
  # parm3:    rdi       = int
  # parm4:    rsi       = int
  # parm5:    rcx:rcx   = 'java/security/ProtectionDomain'
  # parm6:    [sp+0xa0]   = 'java/lang/String'  (sp of caller)
  0x0000015ba0a25c20: 448b 5208 | 49bb 0000 | 00b1 5b01 | 0000 4d03 | d349 3bc2 | 0f84 0600 

  0x0000015ba0a25c38: ;   {runtime_call ic_miss_stub}
  0x0000015ba0a25c38: 0000 e941 | b4a5 ff90 
[Verified Entry Point]
  0x0000015ba0a25c40: 8984 2400 | 90ff ff55 | 488b ec48 | 81ec 9000 | 0000 4881 | 7d10 0000 | 0000 488d | 4510 480f 
  0x0000015ba0a25c60: 4445 1048 | 8944 2440 | 4889 4c24 | 7048 83f9 | 0048 8d44 | 2470 480f | 4444 2470 | 4889 4424 
  0x0000015ba0a25c80: 3848 8974 | 2430 4889 | 7c24 284c | 894c 2458 | 4983 f900 | 488d 4424 | 5848 0f44 | 4424 5848 
  0x0000015ba0a25ca0: 8944 2420 | 4c89 4424 | 5049 83f8 | 004c 8d4c | 2450 4c0f | 444c 2450 | 4889 5424 | 4848 83fa 
  0x0000015ba0a25cc0: 004c 8d44 | 2448 4c0f | 4444 2448 

  0x0000015ba0a25ccc: ;   {oop(a 'java/lang/Class'{0x000000008085f668} = 'java/lang/ClassLoader')}
  0x0000015ba0a25ccc: 49be 68f6 | 8580 0000 | 0000 4c89 | 7424 784c | 8d74 2478 | 498b d6c5 

  0x0000015ba0a25ce4: ;   {internal_word}
  0x0000015ba0a25ce4: f877 49ba | e35c a2a0 | 5b01 0000 | 4d89 97a0 | 0200 0049 | 89a7 9802 

  0x0000015ba0a25cfc: ;   {external_word}
  0x0000015ba0a25cfc: 0000 49ba | 5c27 07f2 | fb7f 0000 | 4180 3a00 | 0f84 5200 | 0000 5241 

  0x0000015ba0a25d14: ;   {metadata({method} {0x0000015bb1010f28} 'defineClass1' '(Ljava/lang/ClassLoader;Ljava/lang/String;[BIILjava/security/ProtectionDomain;Ljava/lang/String;)Ljava/lang/Class;' in 'java/lang/ClassLoader')}
  0x0000015ba0a25d14: 5041 5148 | ba20 0f01 | b15b 0100 | 0049 8bcf | 4883 ec20 | f7c4 0f00 | 0000 0f84 | 1a00 0000 
  0x0000015ba0a25d34: 4883 ec08 

  0x0000015ba0a25d38: ;   {runtime_call}
  0x0000015ba0a25d38: 49ba 00e2 | bcf1 fb7f | 0000 41ff | d248 83c4 | 08e9 0d00 

  0x0000015ba0a25d4c: ;   {runtime_call}
  0x0000015ba0a25d4c: 0000 49ba | 00e2 bcf1 | fb7f 0000 | 41ff d248 | 83c4 2041 | 5941 585a | 498d 8fb8 | 0200 0041 
  0x0000015ba0a25d6c: c787 4803 | 0000 0400 

  0x0000015ba0a25d74: ;   {runtime_call}
  0x0000015ba0a25d74: 0000 49ba | ac16 1753 | fc7f 0000 | 41ff d2c5 | f877 41c7 | 8748 0300 | 0005 0000 | 00f0 8344 
  0x0000015ba0a25d94: 24c0 0049 | 3baf 5003 | 0000 0f87 | 1100 0000 | 4181 bf38 | 0300 0000 | 0000 000f | 842c 0000 
  0x0000015ba0a25db4: 00c5 f877 | 4889 45f8 | 498b cf4c | 8be4 4883 | ec20 4883 

  0x0000015ba0a25dc8: ;   {runtime_call}
  0x0000015ba0a25dc8: e4f0 49ba | 20ef ccf1 | fb7f 0000 | 41ff d249 | 8be4 4d33 | e448 8b45 | f841 c787 | 4803 0000 
  0x0000015ba0a25de8: 0800 0000 | 4181 bfb8 | 0300 0002 | 0000 000f | 843f 0100 

  0x0000015ba0a25dfc: ;   {external_word}
  0x0000015ba0a25dfc: 0049 ba5c | 2707 f2fb | 7f00 0041 | 803a 000f | 8450 0000 | 0048 8945 

  0x0000015ba0a25e14: ;   {metadata({method} {0x0000015bb1010f28} 'defineClass1' '(Ljava/lang/ClassLoader;Ljava/lang/String;[BIILjava/security/ProtectionDomain;Ljava/lang/String;)Ljava/lang/Class;' in 'java/lang/ClassLoader')}
  0x0000015ba0a25e14: f848 ba20 | 0f01 b15b | 0100 0049 | 8bcf 4883 | ec20 f7c4 | 0f00 0000 | 0f84 1a00 | 0000 4883 
  0x0000015ba0a25e34: ;   {runtime_call}
  0x0000015ba0a25e34: ec08 49ba | 00e2 bcf1 | fb7f 0000 | 41ff d248 | 83c4 08e9 | 0d00 0000 

  0x0000015ba0a25e4c: ;   {runtime_call}
  0x0000015ba0a25e4c: 49ba 00e2 | bcf1 fb7f | 0000 41ff | d248 83c4 | 2048 8b45 | f849 c787 | 9802 0000 | 0000 0000 
  0x0000015ba0a25e6c: 49c7 87a0 | 0200 0000 | 0000 00c5 | f877 4885 | c00f 8493 | 0000 0048 | f7c0 0100 | 0000 0f84 
  0x0000015ba0a25e8c: 8300 0000 | 488b 40ff | 4180 7f38 | 000f 846f | 0000 0048 | 83f8 000f | 8465 0000 | 0049 8b4f 
  0x0000015ba0a25eac: 2048 83f9 | 000f 8414 | 0000 0048 | 83e9 0849 | 894f 2049 | 034f 3048 | 8901 e943 | 0000 0050 
  0x0000015ba0a25ecc: 498b d748 | 8bc8 4883 | ec20 f7c4 | 0f00 0000 | 0f84 1a00 | 0000 4883 

  0x0000015ba0a25ee4: ;   {runtime_call}
  0x0000015ba0a25ee4: ec08 49ba | f087 7bf1 | fb7f 0000 | 41ff d248 | 83c4 08e9 | 0d00 0000 

  0x0000015ba0a25efc: ;   {runtime_call}
  0x0000015ba0a25efc: 49ba f087 | 7bf1 fb7f | 0000 41ff | d248 83c4 | 2058 e903 | 0000 0048 | 8b00 498b | 8fd8 0000 
  0x0000015ba0a25f1c: 00c7 8100 | 0100 0000 | 0000 00c9 | 4981 7f08 | 0000 0000 | 0f85 0100 

  0x0000015ba0a25f34: ;   {runtime_call StubRoutines (1)}
  0x0000015ba0a25f34: 0000 c3e9 | c4af a0ff | c5f8 7748 | 8945 f84c | 8be4 4883 | ec20 4883 

  0x0000015ba0a25f4c: ;   {runtime_call}
  0x0000015ba0a25f4c: e4f0 49ba | 1013 bdf1 | fb7f 0000 | 41ff d249 | 8be4 4d33 | e448 8b45 | f8e9 93fe | ffff f4f4 
  0x0000015ba0a25f6c: f4f4 f4f4 
[/MachCode]


Compiled method (c1)  219251 7866       3       java.lang.System$2::defineClass (14 bytes)
 total in heap  [0x0000015b99caea90,0x0000015b99caee50] = 960
 relocation     [0x0000015b99caebe8,0x0000015b99caec28] = 64
 main code      [0x0000015b99caec40,0x0000015b99caed60] = 288
 stub code      [0x0000015b99caed60,0x0000015b99caeda8] = 72
 metadata       [0x0000015b99caeda8,0x0000015b99caedb0] = 8
 scopes data    [0x0000015b99caedb0,0x0000015b99caede8] = 56
 scopes pcs     [0x0000015b99caede8,0x0000015b99caee38] = 80
 dependencies   [0x0000015b99caee38,0x0000015b99caee40] = 8
 nul chk table  [0x0000015b99caee40,0x0000015b99caee50] = 16

[Constant Pool (empty)]

[MachCode]
[Entry Point]
  # {method} {0x0000015bb1407ee8} 'defineClass' '(Ljava/lang/ClassLoader;Ljava/lang/String;[BLjava/security/ProtectionDomain;Ljava/lang/String;)Ljava/lang/Class;' in 'java/lang/System$2'
  # this:     rdx:rdx   = 'java/lang/System$2'
  # parm0:    r8:r8     = 'java/lang/ClassLoader'
  # parm1:    r9:r9     = 'java/lang/String'
  # parm2:    rdi:rdi   = '[B'
  # parm3:    rsi:rsi   = 'java/security/ProtectionDomain'
  # parm4:    rcx:rcx   = 'java/lang/String'
  #           [sp+0x60]  (sp of caller)
  0x0000015b99caec40: 448b 5208 | 49bb 0000 | 00b1 5b01 | 0000 4d03 | d34c 3bd0 

  0x0000015b99caec54: ;   {runtime_call ic_miss_stub}
  0x0000015b99caec54: 0f85 2624 | 7d06 660f | 1f44 0000 
[Verified Entry Point]
  0x0000015b99caec60: 8984 2400 | 90ff ff55 | 4883 ec50 | 488b de48 

  0x0000015b99caec70: ;   {metadata(method data for {method} {0x0000015bb1407ee8} 'defineClass' '(Ljava/lang/ClassLoader;Ljava/lang/String;[BLjava/security/ProtectionDomain;Ljava/lang/String;)Ljava/lang/Class;' in 'java/lang/System$2')}
  0x0000015b99caec70: 8bc1 48be | 4044 2ccf | 5b01 0000 | 8b8e cc00 | 0000 83c1 | 0289 8ecc | 0000 0081 | e1fe 0700 
  0x0000015b99caec90: 0083 f900 | 0f84 4500 | 0000 8b77 

  0x0000015b99caec9c: ;   {metadata(method data for {method} {0x0000015bb1407ee8} 'defineClass' '(Ljava/lang/ClassLoader;Ljava/lang/String;[BLjava/security/ProtectionDomain;Ljava/lang/String;)Ljava/lang/Class;' in 'java/lang/System$2')}
  0x0000015b99caec9c: 0c48 ba40 | 442c cf5b | 0100 0048 | 8382 1001 | 0000 0149 | 8bd0 4d8b | c14c 8bcf | bf00 0000 
  0x0000015b99caecbc: 0048 8bcb | 4889 0424 

  0x0000015b99caecc4: ;   {static_call}
  0x0000015b99caecc4: 6666 90e8 

  0x0000015b99caecc8: ; ImmutableOopMap {}
                      ;*invokestatic defineClass1 {reexecute=0 rethrow=0 return_oop=0}
                      ; - java.lang.System$2::defineClass@10 (line 2320)
  0x0000015b99caecc8: 746f d706 | 4883 c450 

  0x0000015b99caecd0: ;   {poll_return}
  0x0000015b99caecd0: 5d49 3ba7 | 5003 0000 | 0f87 2400 

  0x0000015b99caecdc: ;   {metadata({method} {0x0000015bb1407ee8} 'defineClass' '(Ljava/lang/ClassLoader;Ljava/lang/String;[BLjava/security/ProtectionDomain;Ljava/lang/String;)Ljava/lang/Class;' in 'java/lang/System$2')}
  0x0000015b99caecdc: 0000 c349 | bae0 7e40 | b15b 0100 | 004c 8954 | 2408 48c7 | 0424 ffff 

  0x0000015b99caecf4: ;   {runtime_call counter_overflow Runtime1 stub}
  0x0000015b99caecf4: ffff e885 

  0x0000015b99caecf8: ; ImmutableOopMap {rdx=Oop r8=Oop r9=Oop rdi=Oop rbx=Oop rax=Oop }
                      ;*synchronization entry
                      ; - java.lang.System$2::defineClass@-1 (line 2320)
  0x0000015b99caecf8: a787 06eb 

  0x0000015b99caecfc: ;   {runtime_call throw_null_pointer_exception Runtime1 stub}
  0x0000015b99caecfc: 9de8 9e4a 

  0x0000015b99caed00: ; ImmutableOopMap {r8=Oop r9=Oop rdi=Oop rbx=Oop rax=Oop }
                      ;*arraylength {reexecute=0 rethrow=0 return_oop=0}
                      ; - java.lang.System$2::defineClass@5 (line 2320)
                      ;   {internal_word}
  0x0000015b99caed00: 8706 49ba | d1ec ca99 | 5b01 0000 | 4d89 9768 

  0x0000015b99caed10: ;   {runtime_call SafepointBlob}
  0x0000015b99caed10: 0300 00e9 | e88c 7d06 | 9090 498b | 87e0 0300 | 0049 c787 | e003 0000 | 0000 0000 | 49c7 87e8 
  0x0000015b99caed30: 0300 0000 | 0000 0048 | 83c4 505d 

  0x0000015b99caed3c: ;   {runtime_call unwind_exception Runtime1 stub}
  0x0000015b99caed3c: e93f 3887 | 06f4 f4f4 | f4f4 f4f4 | f4f4 f4f4 | f4f4 f4f4 | f4f4 f4f4 | f4f4 f4f4 | f4f4 f4f4 
  0x0000015b99caed5c: f4f4 f4f4 
[Stub Code]
  0x0000015b99caed60: ;   {no_reloc}
  0x0000015b99caed60: 0f1f 4400 

  0x0000015b99caed64: ;   {static_stub}
  0x0000015b99caed64: 0048 bb00 | 0000 0000 

  0x0000015b99caed6c: ;   {runtime_call}
  0x0000015b99caed6c: 0000 00e9 | fbff ffff 
[Exception Handler]
  0x0000015b99caed74: ;   {runtime_call handle_exception_from_callee Runtime1 stub}
  0x0000015b99caed74: e807 6b87 

  0x0000015b99caed78: ;   {external_word}
  0x0000015b99caed78: 0648 b920 | 3ae1 f1fb | 7f00 0048 

  0x0000015b99caed84: ;   {runtime_call}
  0x0000015b99caed84: 83e4 f049 | ba50 c8a9 | f1fb 7f00 | 0041 ffd2 

  0x0000015b99caed94: ;   {section_word}
  0x0000015b99caed94: f449 ba95 | edca 995b | 0100 0041 

  0x0000015b99caeda0: ;   {runtime_call DeoptimizationBlob}
  0x0000015b99caeda0: 52e9 fa7e | 7d06 f4f4 
[/MachCode]


Compiled method (c1)  219260 22205       3       jdk.internal.reflect.ClassDefiner::defineClass (33 bytes)
 total in heap  [0x0000015b9b5c2a10,0x0000015b9b5c3768] = 3416
 relocation     [0x0000015b9b5c2b68,0x0000015b9b5c2c50] = 232
 main code      [0x0000015b9b5c2c60,0x0000015b9b5c33a0] = 1856
 stub code      [0x0000015b9b5c33a0,0x0000015b9b5c3428] = 136
 metadata       [0x0000015b9b5c3428,0x0000015b9b5c3490] = 104
 scopes data    [0x0000015b9b5c3490,0x0000015b9b5c3610] = 384
 scopes pcs     [0x0000015b9b5c3610,0x0000015b9b5c3760] = 336
 dependencies   [0x0000015b9b5c3760,0x0000015b9b5c3768] = 8

[Constant Pool (empty)]

[MachCode]
[Verified Entry Point]
  # {method} {0x0000015bcc179c08} 'defineClass' '(Ljava/lang/String;[BIILjava/lang/ClassLoader;)Ljava/lang/Class;' in 'jdk/internal/reflect/ClassDefiner'
  # parm0:    rdx:rdx   = 'java/lang/String'
  # parm1:    r8:r8     = '[B'
  # parm2:    r9        = int
  # parm3:    rdi       = int
  # parm4:    rsi:rsi   = 'java/lang/ClassLoader'
  #           [sp+0x140]  (sp of caller)
  0x0000015b9b5c2c60: 8984 2400 | 90ff ff55 | 4881 ec30 | 0100 0048 

  0x0000015b9b5c2c70: ;   {metadata(method data for {method} {0x0000015bcc179c08} 'defineClass' '(Ljava/lang/String;[BIILjava/lang/ClassLoader;)Ljava/lang/Class;' in 'jdk/internal/reflect/ClassDefiner')}
  0x0000015b9b5c2c70: 8bde 48be | d0a4 93e5 | 5b01 0000 | 8b86 cc00 | 0000 83c0 | 0289 86cc | 0000 0081 | e0fe 0700 
  0x0000015b9b5c2c90: 0083 f800 | 0f84 e004 | 0000 4c89 | 8424 0001 | 0000 4889 | 9424 f800 

  0x0000015b9b5c2ca8: ;   {metadata('jdk/internal/reflect/ClassDefiner$1')}
  0x0000015b9b5c2ca8: 0000 48ba | d0c6 05b2 | 5b01 0000 | 498b 8708 | 0100 0048 | 8d78 1049 | 3bbf 1801 | 0000 0f87 
  0x0000015b9b5c2cc8: cf04 0000 | 4989 bf08 | 0100 0048 | c700 0100 | 0000 488b | ca49 ba00 | 0000 b15b | 0100 0049 
  0x0000015b9b5c2ce8: 2bca 8948 | 0848 33c9 | 8948 0c48 | 33c9 488b 

  0x0000015b9b5c2cf8: ;   {metadata(method data for {method} {0x0000015bcc179c08} 'defineClass' '(Ljava/lang/String;[BIILjava/lang/ClassLoader;)Ljava/lang/Class;' in 'jdk/internal/reflect/ClassDefiner')}
  0x0000015b9b5c2cf8: f048 bfd0 | a493 e55b | 0100 0048 | 8387 1001 

  0x0000015b9b5c2d08: ;   {metadata(method data for {method} {0x0000015bcc17a118} '<init>' '(Ljava/lang/ClassLoader;)V' in 'jdk/internal/reflect/ClassDefiner$1')}
  0x0000015b9b5c2d08: 0000 0148 | bed0 a693 | e55b 0100 | 008b becc | 0000 0083 | c702 89be | cc00 0000 | 81e7 feff 
  0x0000015b9b5c2d28: 1f00 83ff | 000f 8475 | 0400 0041 | 0fbe 7738 | 83fe 000f | 8588 0400 | 004c 8bd3 | 4489 500c 
  0x0000015b9b5c2d48: 488b f048 | 33f3 48c1 | ee14 4883 | fe00 0f85 | 8804 0000 

  0x0000015b9b5c2d5c: ;   {metadata(method data for {method} {0x0000015bcc17a118} '<init>' '(Ljava/lang/ClassLoader;)V' in 'jdk/internal/reflect/ClassDefiner$1')}
  0x0000015b9b5c2d5c: 488b f048 | bfd0 a693 | e55b 0100 | 0048 8387 | 1001 0000 

  0x0000015b9b5c2d70: ;   {metadata(method data for {method} {0x0000015bb14415c0} '<init>' '()V' in 'java/lang/Object')}
  0x0000015b9b5c2d70: 0148 bea8 | 7700 cc5b | 0100 008b | becc 0000 | 0083 c702 | 89be cc00 | 0000 81e7 | feff 1f00 
  0x0000015b9b5c2d90: 83ff 000f | 8463 0400 

  0x0000015b9b5c2d98: ;   {metadata(method data for {method} {0x0000015bcc179c08} 'defineClass' '(Ljava/lang/String;[BIILjava/lang/ClassLoader;)Ljava/lang/Class;' in 'jdk/internal/reflect/ClassDefiner')}
  0x0000015b9b5c2d98: 0048 bed0 | a493 e55b | 0100 0048 | 8386 2001 

  0x0000015b9b5c2da8: ;   {metadata(method data for {method} {0x0000015bb1435e98} 'doPrivileged' '(Ljava/security/PrivilegedAction;)Ljava/lang/Object;' in 'java/security/AccessController')}
  0x0000015b9b5c2da8: 0000 0148 | be40 1a0f | cc5b 0100 | 008b becc | 0000 0083 | c702 89be | cc00 0000 | 81e7 feff 
  0x0000015b9b5c2dc8: 1f00 83ff | 000f 844a 

  0x0000015b9b5c2dd0: ;   {metadata(method data for {method} {0x0000015bb1435e98} 'doPrivileged' '(Ljava/security/PrivilegedAction;)Ljava/lang/Object;' in 'java/security/AccessController')}
  0x0000015b9b5c2dd0: 0400 0048 | be40 1a0f | cc5b 0100 | 0048 8386 | 1001 0000 | 0148 8984 | 24f0 0000 

  0x0000015b9b5c2dec: ;   {static_call}
  0x0000015b9b5c2dec: 0066 90e8 

  0x0000015b9b5c2df0: ; ImmutableOopMap {[240]=Oop [248]=Oop [256]=Oop }
                      ;*invokestatic getCallerClass {reexecute=0 rethrow=0 return_oop=0}
                      ; - java.security.AccessController::doPrivileged@2 (line 318)
                      ; - jdk.internal.reflect.ClassDefiner::defineClass@9 (line 60)
  0x0000015b9b5c2df0: cc8c 4405 | 4889 8424 | 1801 0000 

  0x0000015b9b5c2dfc: ;   {metadata(method data for {method} {0x0000015bb1435e98} 'doPrivileged' '(Ljava/security/PrivilegedAction;)Ljava/lang/Object;' in 'java/security/AccessController')}
  0x0000015b9b5c2dfc: 48ba 401a | 0fcc 5b01 | 0000 4883 | 8220 0100 

  0x0000015b9b5c2e0c: ;   {metadata(method data for {method} {0x0000015bb1435468} 'executePrivileged' '(Ljava/security/PrivilegedAction;Ljava/security/AccessControlContext;Ljava/lang/Class;)Ljava/lang/Object;' in 'java/security/AccessController')}
  0x0000015b9b5c2e0c: 0001 48ba | b01b 0fcc | 5b01 0000 | 8bb2 cc00 | 0000 83c6 | 0289 b2cc | 0000 0081 | e6fe ff1f 
  0x0000015b9b5c2e2c: 0083 fe00 | 0f84 0804 

  0x0000015b9b5c2e34: ;   {metadata(method data for {method} {0x0000015bb1435468} 'executePrivileged' '(Ljava/security/PrivilegedAction;Ljava/security/AccessControlContext;Ljava/lang/Class;)Ljava/lang/Object;' in 'java/security/AccessController')}
  0x0000015b9b5c2e34: 0000 48ba | b01b 0fcc | 5b01 0000 | ff82 1001 

  0x0000015b9b5c2e44: ;   {metadata(method data for {method} {0x0000015bb1435468} 'executePrivileged' '(Ljava/security/PrivilegedAction;Ljava/security/AccessControlContext;Ljava/lang/Class;)Ljava/lang/Object;' in 'java/security/AccessController')}
  0x0000015b9b5c2e44: 0000 48ba | b01b 0fcc | 5b01 0000 | ff82 4001 | 0000 488b | 9c24 f000 | 0000 488b 

  0x0000015b9b5c2e60: ;   {metadata(method data for {method} {0x0000015bb1435468} 'executePrivileged' '(Ljava/security/PrivilegedAction;Ljava/security/AccessControlContext;Ljava/lang/Class;)Ljava/lang/Object;' in 'java/security/AccessController')}
  0x0000015b9b5c2e60: d348 beb0 | 1b0f cc5b 

  0x0000015b9b5c2e68: ;   {metadata(method data for {method} {0x0000015bcc17a260} 'run' '()Ljava/lang/Object;' in 'jdk/internal/reflect/ClassDefiner$1')}
  0x0000015b9b5c2e68: 0100 0048 | ba28 a893 | e55b 0100 | 008b b2cc | 0000 0083 | c602 89b2 | cc00 0000 | 81e6 feff 
  0x0000015b9b5c2e88: 1f00 83fe | 000f 84cc | 0300 0048 

  0x0000015b9b5c2e94: ;   {metadata(method data for {method} {0x0000015bcc17a260} 'run' '()Ljava/lang/Object;' in 'jdk/internal/reflect/ClassDefiner$1')}
  0x0000015b9b5c2e94: 8bd3 48be | 28a8 93e5 | 5b01 0000 | 4883 8628 | 0100 0001 

  0x0000015b9b5c2ea8: ;   {metadata(method data for {method} {0x0000015bcc17a1c0} 'run' '()Ljava/lang/ClassLoader;' in 'jdk/internal/reflect/ClassDefiner$1')}
  0x0000015b9b5c2ea8: 48ba b0a9 | 93e5 5b01 | 0000 8bb2 | cc00 0000 | 83c6 0289 | b2cc 0000 | 0081 e6fe | ff1f 0083 
  0x0000015b9b5c2ec8: fe00 0f84 | b003 0000 

  0x0000015b9b5c2ed0: ;   {metadata('jdk/internal/reflect/DelegatingClassLoader')}
  0x0000015b9b5c2ed0: 48ba 4093 | 00b1 5b01 | 0000 498b | 8708 0100 | 0048 8d78 | 5049 3bbf | 1801 0000 | 0f87 af03 
  0x0000015b9b5c2ef0: 0000 4989 | bf08 0100 | 0048 c700 | 0100 0000 | 488b ca49 | ba00 0000 | b15b 0100 | 0049 2bca 
  0x0000015b9b5c2f10: 8948 0848 | 33c9 8948 | 0c48 33c9 | 48bf 0800 | 0000 0000 | 0000 4889 | 4cf8 0848 | ffcf 75f6 
  0x0000015b9b5c2f30: 8b73 0c48 

  0x0000015b9b5c2f34: ;   {metadata(method data for {method} {0x0000015bcc17a1c0} 'run' '()Ljava/lang/ClassLoader;' in 'jdk/internal/reflect/ClassDefiner$1')}
  0x0000015b9b5c2f34: 8bd0 48bf | b0a9 93e5 | 5b01 0000 | 4883 8710 | 0100 0001 

  0x0000015b9b5c2f48: ;   {metadata(method data for {method} {0x0000015bb100b450} '<init>' '(Ljava/lang/ClassLoader;)V' in 'jdk/internal/reflect/DelegatingClassLoader')}
  0x0000015b9b5c2f48: 48ba 00ab | 93e5 5b01 | 0000 8bba | cc00 0000 | 83c7 0289 | bacc 0000 | 0081 e7fe | ff1f 0083 
  0x0000015b9b5c2f68: ff00 0f84 | 3e03 0000 

  0x0000015b9b5c2f70: ;   {metadata(method data for {method} {0x0000015bb100b450} '<init>' '(Ljava/lang/ClassLoader;)V' in 'jdk/internal/reflect/DelegatingClassLoader')}
  0x0000015b9b5c2f70: 488b d048 | bf00 ab93 | e55b 0100 | 0048 8387 | 1001 0000 

  0x0000015b9b5c2f84: ;   {metadata(method data for {method} {0x0000015bb10103c0} '<init>' '(Ljava/lang/ClassLoader;)V' in 'java/lang/ClassLoader')}
  0x0000015b9b5c2f84: 0148 ba38 | cb2d cf5b | 0100 008b | bacc 0000 | 0083 c702 | 89ba cc00 | 0000 81e7 | feff 1f00 
  0x0000015b9b5c2fa4: 83ff 000f | 8422 0300 

  0x0000015b9b5c2fac: ;   {metadata(method data for {method} {0x0000015bb10103c0} '<init>' '(Ljava/lang/ClassLoader;)V' in 'java/lang/ClassLoader')}
  0x0000015b9b5c2fac: 0048 ba38 | cb2d cf5b | 0100 0048 | 8382 1001 

  0x0000015b9b5c2fbc: ;   {metadata(method data for {method} {0x0000015bb10109a8} 'checkCreateClassLoader' '()Ljava/lang/Void;' in 'java/lang/ClassLoader')}
  0x0000015b9b5c2fbc: 0000 0148 | bab0 cc2d | cf5b 0100 | 008b bacc | 0000 0083 | c702 89ba | cc00 0000 | 81e7 feff 
  0x0000015b9b5c2fdc: 1f00 83ff | 000f 8409 

  0x0000015b9b5c2fe4: ;   {metadata(method data for {method} {0x0000015bb10109a8} 'checkCreateClassLoader' '()Ljava/lang/Void;' in 'java/lang/ClassLoader')}
  0x0000015b9b5c2fe4: 0300 0048 | bab0 cc2d | cf5b 0100 | 0048 8382 | 1001 0000 

  0x0000015b9b5c2ff8: ;   {oop(NULL)}
  0x0000015b9b5c2ff8: 0148 ba00 | 0000 0000 | 0000 0048 | 89b4 2410 | 0100 0048 | 8984 2408 | 0100 000f 

  0x0000015b9b5c3014: ;   {static_call}
  0x0000015b9b5c3014: 1f40 00e8 

  0x0000015b9b5c3018: ; ImmutableOopMap {[248]=Oop [256]=Oop [280]=Oop [272]=Oop [264]=Oop }
                      ;*invokestatic checkCreateClassLoader {reexecute=0 rethrow=0 return_oop=0}
                      ; - java.lang.ClassLoader::checkCreateClassLoader@1 (line 360)
                      ; - java.lang.ClassLoader::<init>@1 (line 461)
                      ; - jdk.internal.reflect.DelegatingClassLoader::<init>@2 (line 75)
                      ; - jdk.internal.reflect.ClassDefiner$1::run@8 (line 63)
                      ; - jdk.internal.reflect.ClassDefiner$1::run@1 (line 61)
                      ; - java.security.AccessController::executePrivileged@29 (line 776)
                      ; - java.security.AccessController::doPrivileged@5 (line 318)
                      ; - jdk.internal.reflect.ClassDefiner::defineClass@9 (line 60)
  0x0000015b9b5c3018: 64ad 83fe | 4c8b 8424 | 0801 0000 

  0x0000015b9b5c3024: ;   {metadata(method data for {method} {0x0000015bb10103c0} '<init>' '(Ljava/lang/ClassLoader;)V' in 'java/lang/ClassLoader')}
  0x0000015b9b5c3024: 49b9 38cb | 2dcf 5b01 | 0000 4983 | 8120 0100 | 0001 4c8b 

  0x0000015b9b5c3038: ;   {oop(NULL)}
  0x0000015b9b5c3038: c049 b900 | 0000 0000 | 0000 0048 | 8bbc 2410 | 0100 0048 | 8b94 2408 | 0100 000f 

  0x0000015b9b5c3054: ;   {optimized virtual_call}
  0x0000015b9b5c3054: 1f40 00e8 

  0x0000015b9b5c3058: ; ImmutableOopMap {[248]=Oop [256]=Oop [280]=Oop [264]=Oop }
                      ;*invokespecial <init> {reexecute=0 rethrow=0 return_oop=0}
                      ; - java.lang.ClassLoader::<init>@6 (line 461)
                      ; - jdk.internal.reflect.DelegatingClassLoader::<init>@2 (line 75)
                      ; - jdk.internal.reflect.ClassDefiner$1::run@8 (line 63)
                      ; - jdk.internal.reflect.ClassDefiner$1::run@1 (line 61)
                      ; - java.security.AccessController::executePrivileged@29 (line 776)
                      ; - java.security.AccessController::doPrivileged@5 (line 318)
                      ; - jdk.internal.reflect.ClassDefiner::defineClass@9 (line 60)
  0x0000015b9b5c3058: 44b8 83fe 

  0x0000015b9b5c305c: ;   {metadata(method data for {method} {0x0000015bb1435468} 'executePrivileged' '(Ljava/security/PrivilegedAction;Ljava/security/AccessControlContext;Ljava/lang/Class;)Ljava/lang/Object;' in 'java/security/AccessController')}
  0x0000015b9b5c305c: 48ba b01b | 0fcc 5b01 | 0000 ff82 | d801 0000 

  0x0000015b9b5c306c: ;   {metadata(method data for {method} {0x0000015bb1435468} 'executePrivileged' '(Ljava/security/PrivilegedAction;Ljava/security/AccessControlContext;Ljava/lang/Class;)Ljava/lang/Object;' in 'java/security/AccessController')}
  0x0000015b9b5c306c: 48ba b01b | 0fcc 5b01 | 0000 4883 | 8238 0200 | 0001 488b | 9424 0801 

  0x0000015b9b5c3084: ;   {static_call}
  0x0000015b9b5c3084: 0000 90e8 

  0x0000015b9b5c3088: ; ImmutableOopMap {[248]=Oop [256]=Oop [264]=Oop [280]=Oop }
                      ;*invokestatic ensureMaterializedForStackWalk {reexecute=0 rethrow=0 return_oop=0}
                      ; - java.security.AccessController::executePrivileged@56 (line 784)
                      ; - java.security.AccessController::doPrivileged@5 (line 318)
                      ; - jdk.internal.reflect.ClassDefiner::defineClass@9 (line 60)
  0x0000015b9b5c3088: b491 4405 

  0x0000015b9b5c308c: ;   {metadata(method data for {method} {0x0000015bb1435468} 'executePrivileged' '(Ljava/security/PrivilegedAction;Ljava/security/AccessControlContext;Ljava/lang/Class;)Ljava/lang/Object;' in 'java/security/AccessController')}
  0x0000015b9b5c308c: 49b8 b01b | 0fcc 5b01 | 0000 4983 | 8048 0200 

  0x0000015b9b5c309c: ;   {metadata(method data for {method} {0x0000015bb13dd830} 'reachabilityFence' '(Ljava/lang/Object;)V' in 'java/lang/ref/Reference')}
  0x0000015b9b5c309c: 0001 49b8 | c0e6 04cc | 5b01 0000 | 458b 88cc | 0000 0041 | 83c1 0245 | 8988 cc00 | 0000 4181 
  0x0000015b9b5c30bc: e1fe ff1f | 0041 83f9 | 000f 8446 

  0x0000015b9b5c30c8: ;   {metadata(method data for {method} {0x0000015bb1435468} 'executePrivileged' '(Ljava/security/PrivilegedAction;Ljava/security/AccessControlContext;Ljava/lang/Class;)Ljava/lang/Object;' in 'java/security/AccessController')}
  0x0000015b9b5c30c8: 0200 0049 | b8b0 1b0f | cc5b 0100 | 0049 8380 | 5802 0000 

  0x0000015b9b5c30dc: ;   {metadata(method data for {method} {0x0000015bb13dd830} 'reachabilityFence' '(Ljava/lang/Object;)V' in 'java/lang/ref/Reference')}
  0x0000015b9b5c30dc: 0149 b8c0 | e604 cc5b | 0100 0045 | 8b88 cc00 | 0000 4183 | c102 4589 | 88cc 0000 | 0041 81e1 
  0x0000015b9b5c30fc: feff 1f00 | 4183 f900 | 0f84 2802 | 0000 488b | 8424 0801 | 0000 488b | bc24 0001 | 0000 488b 
  0x0000015b9b5c311c: 9424 f800 

  0x0000015b9b5c3120: ;   {oop(a 'java/lang/System$2'{0x00000000805ab918})}
  0x0000015b9b5c3120: 0000 48bb | 18b9 5a80 | 0000 0000 

  0x0000015b9b5c312c: ;   {metadata(method data for {method} {0x0000015bcc179c08} 'defineClass' '(Ljava/lang/String;[BIILjava/lang/ClassLoader;)Ljava/lang/Class;' in 'jdk/internal/reflect/ClassDefiner')}
  0x0000015b9b5c312c: 4c8b c349 | b9d0 a493 | e55b 0100 | 0049 8381 | 8001 0000 | 014c 8bc0 

  0x0000015b9b5c3144: ;   {oop(NULL)}
  0x0000015b9b5c3144: 4c8b ca48 | be00 0000 | 0000 0000 

  0x0000015b9b5c3150: ;   {oop("__ClassDefiner__"{0x000000008053a868})}
  0x0000015b9b5c3150: 0048 b968 | a853 8000 | 0000 0048 

  0x0000015b9b5c315c: ;   {optimized virtual_call}
  0x0000015b9b5c315c: 8bd3 90e8 

  0x0000015b9b5c3160: ; ImmutableOopMap {}
                      ;*invokeinterface defineClass {reexecute=0 rethrow=0 return_oop=0}
                      ; - jdk.internal.reflect.ClassDefiner::defineClass@27 (line 66)
  0x0000015b9b5c3160: fcba 6efe | 4881 c430 | 0100 005d 

  0x0000015b9b5c316c: ;   {poll_return}
  0x0000015b9b5c316c: 493b a750 | 0300 000f | 87da 0100 

  0x0000015b9b5c3178: ;   {metadata({method} {0x0000015bcc179c08} 'defineClass' '(Ljava/lang/String;[BIILjava/lang/ClassLoader;)Ljava/lang/Class;' in 'jdk/internal/reflect/ClassDefiner')}
  0x0000015b9b5c3178: 00c3 49ba | 009c 17cc | 5b01 0000 | 4c89 5424 | 0848 c704 | 24ff ffff 

  0x0000015b9b5c3190: ;   {runtime_call counter_overflow Runtime1 stub}
  0x0000015b9b5c3190: ffe8 ea62 

  0x0000015b9b5c3194: ; ImmutableOopMap {rdx=Oop r8=Oop rbx=Oop }
                      ;*synchronization entry
                      ; - jdk.internal.reflect.ClassDefiner::defineClass@-1 (line 60)
  0x0000015b9b5c3194: f604 e9ff | faff ff48 

  0x0000015b9b5c319c: ;   {runtime_call fast_new_instance Runtime1 stub}
  0x0000015b9b5c319c: 8bd2 e8dd 

  0x0000015b9b5c31a0: ; ImmutableOopMap {rbx=Oop [256]=Oop [248]=Oop }
                      ;*new {reexecute=0 rethrow=0 return_oop=0}
                      ; - jdk.internal.reflect.ClassDefiner::defineClass@0 (line 60)
  0x0000015b9b5c31a0: 0ef6 04e9 | 4efb ffff 

  0x0000015b9b5c31a8: ;   {metadata({method} {0x0000015bcc17a118} '<init>' '(Ljava/lang/ClassLoader;)V' in 'jdk/internal/reflect/ClassDefiner$1')}
  0x0000015b9b5c31a8: 49ba 10a1 | 17cc 5b01 | 0000 4c89 | 5424 0848 | c704 24ff 

  0x0000015b9b5c31bc: ;   {runtime_call counter_overflow Runtime1 stub}
  0x0000015b9b5c31bc: ffff ffe8 

  0x0000015b9b5c31c0: ; ImmutableOopMap {rbx=Oop [256]=Oop [248]=Oop rax=Oop }
                      ;*synchronization entry
                      ; - jdk.internal.reflect.ClassDefiner$1::<init>@-1 (line 61)
                      ; - jdk.internal.reflect.ClassDefiner::defineClass@6 (line 60)
  0x0000015b9b5c31c0: bc62 f604 | e96a fbff | ff8b 700c | 4883 fe00 | 0f84 6bfb | ffff 4889 

  0x0000015b9b5c31d8: ;   {runtime_call g1_pre_barrier_slow}
  0x0000015b9b5c31d8: 3424 e8a1 | 68f6 04e9 | 5dfb ffff | 4883 fb00 | 0f84 6efb | ffff 4889 

  0x0000015b9b5c31f0: ;   {runtime_call g1_post_barrier_slow}
  0x0000015b9b5c31f0: 0424 e889 | 6bf6 04e9 | 60fb ffff 

  0x0000015b9b5c31fc: ;   {metadata({method} {0x0000015bb14415c0} '<init>' '()V' in 'java/lang/Object')}
  0x0000015b9b5c31fc: 49ba b815 | 44b1 5b01 | 0000 4c89 | 5424 0848 | c704 24ff 

  0x0000015b9b5c3210: ;   {runtime_call counter_overflow Runtime1 stub}
  0x0000015b9b5c3210: ffff ffe8 

  0x0000015b9b5c3214: ; ImmutableOopMap {[256]=Oop [248]=Oop rax=Oop }
                      ;*synchronization entry
                      ; - java.lang.Object::<init>@-1 (line 44)
                      ; - jdk.internal.reflect.ClassDefiner$1::<init>@6 (line 61)
                      ; - jdk.internal.reflect.ClassDefiner::defineClass@6 (line 60)
  0x0000015b9b5c3214: 6862 f604 | e97c fbff 

  0x0000015b9b5c321c: ;   {metadata({method} {0x0000015bb1435e98} 'doPrivileged' '(Ljava/security/PrivilegedAction;)Ljava/lang/Object;' in 'java/security/AccessController')}
  0x0000015b9b5c321c: ff49 ba90 | 5e43 b15b | 0100 004c | 8954 2408 | 48c7 0424 | ffff ffff 

  0x0000015b9b5c3234: ;   {runtime_call counter_overflow Runtime1 stub}
  0x0000015b9b5c3234: e847 62f6 

  0x0000015b9b5c3238: ; ImmutableOopMap {[256]=Oop [248]=Oop rax=Oop }
                      ;*synchronization entry
                      ; - java.security.AccessController::doPrivileged@-1 (line 318)
                      ; - jdk.internal.reflect.ClassDefiner::defineClass@9 (line 60)
  0x0000015b9b5c3238: 04e9 95fb 

  0x0000015b9b5c323c: ;   {metadata({method} {0x0000015bb1435468} 'executePrivileged' '(Ljava/security/PrivilegedAction;Ljava/security/AccessControlContext;Ljava/lang/Class;)Ljava/lang/Object;' in 'java/security/AccessController')}
  0x0000015b9b5c323c: ffff 49ba | 6054 43b1 | 5b01 0000 | 4c89 5424 | 0848 c704 | 24ff ffff 

  0x0000015b9b5c3254: ;   {runtime_call counter_overflow Runtime1 stub}
  0x0000015b9b5c3254: ffe8 2662 

  0x0000015b9b5c3258: ; ImmutableOopMap {[240]=Oop [248]=Oop [256]=Oop rax=Oop [280]=Oop }
                      ;*synchronization entry
                      ; - java.security.AccessController::executePrivileged@-1 (line 771)
                      ; - java.security.AccessController::doPrivileged@5 (line 318)
                      ; - jdk.internal.reflect.ClassDefiner::defineClass@9 (line 60)
  0x0000015b9b5c3258: f604 e9d7 

  0x0000015b9b5c325c: ;   {metadata({method} {0x0000015bcc17a260} 'run' '()Ljava/lang/Object;' in 'jdk/internal/reflect/ClassDefiner$1')}
  0x0000015b9b5c325c: fbff ff49 | ba58 a217 | cc5b 0100 | 004c 8954 | 2408 48c7 | 0424 ffff 

  0x0000015b9b5c3274: ;   {runtime_call counter_overflow Runtime1 stub}
  0x0000015b9b5c3274: ffff e805 

  0x0000015b9b5c3278: ; ImmutableOopMap {[248]=Oop [256]=Oop rbx=Oop [280]=Oop }
                      ;*synchronization entry
                      ; - jdk.internal.reflect.ClassDefiner$1::run@-1 (line 61)
                      ; - java.security.AccessController::executePrivileged@29 (line 776)
                      ; - java.security.AccessController::doPrivileged@5 (line 318)
                      ; - jdk.internal.reflect.ClassDefiner::defineClass@9 (line 60)
  0x0000015b9b5c3278: 62f6 04e9 | 13fc ffff 

  0x0000015b9b5c3280: ;   {metadata({method} {0x0000015bcc17a1c0} 'run' '()Ljava/lang/ClassLoader;' in 'jdk/internal/reflect/ClassDefiner$1')}
  0x0000015b9b5c3280: 49ba b8a1 | 17cc 5b01 | 0000 4c89 | 5424 0848 | c704 24ff 

  0x0000015b9b5c3294: ;   {runtime_call counter_overflow Runtime1 stub}
  0x0000015b9b5c3294: ffff ffe8 

  0x0000015b9b5c3298: ; ImmutableOopMap {[248]=Oop [256]=Oop rbx=Oop [280]=Oop }
                      ;*synchronization entry
                      ; - jdk.internal.reflect.ClassDefiner$1::run@-1 (line 63)
                      ; - jdk.internal.reflect.ClassDefiner$1::run@1 (line 61)
                      ; - java.security.AccessController::executePrivileged@29 (line 776)
                      ; - java.security.AccessController::doPrivileged@5 (line 318)
                      ; - jdk.internal.reflect.ClassDefiner::defineClass@9 (line 60)
  0x0000015b9b5c3298: e461 f604 | e92f fcff | ff48 8bd2 

  0x0000015b9b5c32a4: ;   {runtime_call fast_new_instance Runtime1 stub}
  0x0000015b9b5c32a4: e8d7 0df6 

  0x0000015b9b5c32a8: ; ImmutableOopMap {[248]=Oop [256]=Oop rbx=Oop [280]=Oop }
                      ;*new {reexecute=0 rethrow=0 return_oop=0}
                      ; - jdk.internal.reflect.ClassDefiner$1::run@0 (line 63)
                      ; - jdk.internal.reflect.ClassDefiner$1::run@1 (line 61)
                      ; - java.security.AccessController::executePrivileged@29 (line 776)
                      ; - java.security.AccessController::doPrivileged@5 (line 318)
                      ; - jdk.internal.reflect.ClassDefiner::defineClass@9 (line 60)
  0x0000015b9b5c32a8: 04e9 82fc 

  0x0000015b9b5c32ac: ;   {metadata({method} {0x0000015bb100b450} '<init>' '(Ljava/lang/ClassLoader;)V' in 'jdk/internal/reflect/DelegatingClassLoader')}
  0x0000015b9b5c32ac: ffff 49ba | 48b4 00b1 | 5b01 0000 | 4c89 5424 | 0848 c704 | 24ff ffff 

  0x0000015b9b5c32c4: ;   {runtime_call counter_overflow Runtime1 stub}
  0x0000015b9b5c32c4: ffe8 b661 

  0x0000015b9b5c32c8: ; ImmutableOopMap {[248]=Oop [256]=Oop [280]=Oop rax=Oop rsi=Oop }
                      ;*synchronization entry
                      ; - jdk.internal.reflect.DelegatingClassLoader::<init>@-1 (line 75)
                      ; - jdk.internal.reflect.ClassDefiner$1::run@8 (line 63)
                      ; - jdk.internal.reflect.ClassDefiner$1::run@1 (line 61)
                      ; - java.security.AccessController::executePrivileged@29 (line 776)
                      ; - java.security.AccessController::doPrivileged@5 (line 318)
                      ; - jdk.internal.reflect.ClassDefiner::defineClass@9 (line 60)
  0x0000015b9b5c32c8: f604 e9a1 

  0x0000015b9b5c32cc: ;   {metadata({method} {0x0000015bb10103c0} '<init>' '(Ljava/lang/ClassLoader;)V' in 'java/lang/ClassLoader')}
  0x0000015b9b5c32cc: fcff ff49 | bab8 0301 | b15b 0100 | 004c 8954 | 2408 48c7 | 0424 ffff 

  0x0000015b9b5c32e4: ;   {runtime_call counter_overflow Runtime1 stub}
  0x0000015b9b5c32e4: ffff e895 

  0x0000015b9b5c32e8: ; ImmutableOopMap {[248]=Oop [256]=Oop [280]=Oop rax=Oop rsi=Oop }
                      ;*synchronization entry
                      ; - java.lang.ClassLoader::<init>@-1 (line 461)
                      ; - jdk.internal.reflect.DelegatingClassLoader::<init>@2 (line 75)
                      ; - jdk.internal.reflect.ClassDefiner$1::run@8 (line 63)
                      ; - jdk.internal.reflect.ClassDefiner$1::run@1 (line 61)
                      ; - java.security.AccessController::executePrivileged@29 (line 776)
                      ; - java.security.AccessController::doPrivileged@5 (line 318)
                      ; - jdk.internal.reflect.ClassDefiner::defineClass@9 (line 60)
  0x0000015b9b5c32e8: 61f6 04e9 | bdfc ffff 

  0x0000015b9b5c32f0: ;   {metadata({method} {0x0000015bb10109a8} 'checkCreateClassLoader' '()Ljava/lang/Void;' in 'java/lang/ClassLoader')}
  0x0000015b9b5c32f0: 49ba a009 | 01b1 5b01 | 0000 4c89 | 5424 0848 | c704 24ff 

  0x0000015b9b5c3304: ;   {runtime_call counter_overflow Runtime1 stub}
  0x0000015b9b5c3304: ffff ffe8 

  0x0000015b9b5c3308: ; ImmutableOopMap {[248]=Oop [256]=Oop [280]=Oop rax=Oop rsi=Oop }
                      ;*synchronization entry
                      ; - java.lang.ClassLoader::checkCreateClassLoader@-1 (line 360)
                      ; - java.lang.ClassLoader::<init>@1 (line 461)
                      ; - jdk.internal.reflect.DelegatingClassLoader::<init>@2 (line 75)
                      ; - jdk.internal.reflect.ClassDefiner$1::run@8 (line 63)
                      ; - jdk.internal.reflect.ClassDefiner$1::run@1 (line 61)
                      ; - java.security.AccessController::executePrivileged@29 (line 776)
                      ; - java.security.AccessController::doPrivileged@5 (line 318)
                      ; - jdk.internal.reflect.ClassDefiner::defineClass@9 (line 60)
  0x0000015b9b5c3308: 7461 f604 | e9d6 fcff 

  0x0000015b9b5c3310: ;   {metadata({method} {0x0000015bb13dd830} 'reachabilityFence' '(Ljava/lang/Object;)V' in 'java/lang/ref/Reference')}
  0x0000015b9b5c3310: ff49 ba28 | d83d b15b | 0100 004c | 8954 2408 | 48c7 0424 | ffff ffff 

  0x0000015b9b5c3328: ;   {runtime_call counter_overflow Runtime1 stub}
  0x0000015b9b5c3328: e853 61f6 

  0x0000015b9b5c332c: ; ImmutableOopMap {[248]=Oop [256]=Oop [264]=Oop [280]=Oop }
                      ;*synchronization entry
                      ; - java.lang.ref.Reference::reachabilityFence@-1 (line 621)
                      ; - java.security.AccessController::executePrivileged@60 (line 788)
                      ; - java.security.AccessController::doPrivileged@5 (line 318)
                      ; - jdk.internal.reflect.ClassDefiner::defineClass@9 (line 60)
  0x0000015b9b5c332c: 04e9 99fd 

  0x0000015b9b5c3330: ;   {metadata({method} {0x0000015bb13dd830} 'reachabilityFence' '(Ljava/lang/Object;)V' in 'java/lang/ref/Reference')}
  0x0000015b9b5c3330: ffff 49ba | 28d8 3db1 | 5b01 0000 | 4c89 5424 | 0848 c704 | 24ff ffff 

  0x0000015b9b5c3348: ;   {runtime_call counter_overflow Runtime1 stub}
  0x0000015b9b5c3348: ffe8 3261 

  0x0000015b9b5c334c: ; ImmutableOopMap {[248]=Oop [256]=Oop [264]=Oop }
                      ;*synchronization entry
                      ; - java.lang.ref.Reference::reachabilityFence@-1 (line 621)
                      ; - java.security.AccessController::executePrivileged@64 (line 789)
                      ; - java.security.AccessController::doPrivileged@5 (line 318)
                      ; - jdk.internal.reflect.ClassDefiner::defineClass@9 (line 60)
  0x0000015b9b5c334c: f604 e9b7 

  0x0000015b9b5c3350: ;   {internal_word}
  0x0000015b9b5c3350: fdff ff49 | ba6c 315c | 9b5b 0100 | 004d 8997 | 6803 0000 

  0x0000015b9b5c3364: ;   {runtime_call SafepointBlob}
  0x0000015b9b5c3364: e997 46ec | 0490 9049 | 8b87 e003 | 0000 49c7 | 87e0 0300 | 0000 0000 | 0049 c787 | e803 0000 
  0x0000015b9b5c3384: 0000 0000 | 4881 c430 | 0100 005d 

  0x0000015b9b5c3390: ;   {runtime_call unwind_exception Runtime1 stub}
  0x0000015b9b5c3390: e9eb f1f5 | 04f4 f4f4 | f4f4 f4f4 | f4f4 f4f4 
[Stub Code]
  0x0000015b9b5c33a0: ;   {no_reloc}
  0x0000015b9b5c33a0: 0f1f 4400 

  0x0000015b9b5c33a4: ;   {static_stub}
  0x0000015b9b5c33a4: 0048 bb00 | 0000 0000 

  0x0000015b9b5c33ac: ;   {runtime_call}
  0x0000015b9b5c33ac: 0000 00e9 | fbff ffff 

  0x0000015b9b5c33b4: ;   {static_stub}
  0x0000015b9b5c33b4: 9048 bb00 | 0000 0000 

  0x0000015b9b5c33bc: ;   {runtime_call}
  0x0000015b9b5c33bc: 0000 00e9 | fbff ffff 

  0x0000015b9b5c33c4: ;   {static_stub}
  0x0000015b9b5c33c4: 9048 bb00 | 0000 0000 

  0x0000015b9b5c33cc: ;   {runtime_call}
  0x0000015b9b5c33cc: 0000 00e9 | fbff ffff 

  0x0000015b9b5c33d4: ;   {static_stub}
  0x0000015b9b5c33d4: 9048 bb00 | 0000 0000 

  0x0000015b9b5c33dc: ;   {runtime_call}
  0x0000015b9b5c33dc: 0000 00e9 | fbff ffff 

  0x0000015b9b5c33e4: ;   {static_stub}
  0x0000015b9b5c33e4: 9048 bb00 | 0000 0000 

  0x0000015b9b5c33ec: ;   {runtime_call}
  0x0000015b9b5c33ec: 0000 00e9 | fbff ffff 
[Exception Handler]
  0x0000015b9b5c33f4: ;   {runtime_call handle_exception_from_callee Runtime1 stub}
  0x0000015b9b5c33f4: e887 24f6 

  0x0000015b9b5c33f8: ;   {external_word}
  0x0000015b9b5c33f8: 0448 b920 | 3ae1 f1fb | 7f00 0048 

  0x0000015b9b5c3404: ;   {runtime_call}
  0x0000015b9b5c3404: 83e4 f049 | ba50 c8a9 | f1fb 7f00 | 0041 ffd2 

  0x0000015b9b5c3414: ;   {section_word}
  0x0000015b9b5c3414: f449 ba15 | 345c 9b5b | 0100 0041 

  0x0000015b9b5c3420: ;   {runtime_call DeoptimizationBlob}
  0x0000015b9b5c3420: 52e9 7a38 | ec04 f4f4 
[/MachCode]


---------------  P R O C E S S  ---------------

Threads class SMR info:
_java_thread_list=0x0000015bdc3f2c20, length=89, elements={
0x0000015b8faef830, 0x0000015bb04cca10, 0x0000015bb04cd890, 0x0000015bb04e2d30,
0x0000015bb04e3800, 0x0000015bb04e61d0, 0x0000015bb04e7330, 0x0000015bb04e87c0,
0x0000015bb04eee70, 0x0000015bb0503380, 0x0000015bb04b8500, 0x0000015bb07326f0,
0x0000015bd19a3140, 0x0000015bd0395220, 0x0000015bd15a2470, 0x0000015bd1bad060,
0x0000015bd0e83790, 0x0000015bd0e81930, 0x0000015bd0e81e40, 0x0000015bd0e846c0,
0x0000015bd3da3bb0, 0x0000015bd3da45d0, 0x0000015bd3da1840, 0x0000015bd3da5500,
0x0000015bd3da4ae0, 0x0000015bd3da2770, 0x0000015bd3d9fef0, 0x0000015bd3da2260,
0x0000015bd3da0910, 0x0000015bd3da5f20, 0x0000015bd3da3190, 0x0000015bd3da40c0,
0x0000015bd3da6430, 0x0000015bd61f88a0, 0x0000015bdc1b3ee0, 0x0000015bdc1b0730,
0x0000015bdc1b0220, 0x0000015bdc1b1150, 0x0000015bdc1b4e10, 0x0000015bdc1b0c40,
0x0000015bdc1b1660, 0x0000015bdc1b6250, 0x0000015bdc1b7690, 0x0000015bd7d46c30,
0x0000015bd7d53bc0, 0x0000015bea4e4b00, 0x0000015bdccd9ab0, 0x0000015be9307e70,
0x0000015be9307960, 0x0000015be9308da0, 0x0000015beae2da30, 0x0000015be91c1290,
0x0000015be91bfe50, 0x0000015be91c0360, 0x0000015be91c0870, 0x0000015beab5f110,
0x0000015beab5fb30, 0x0000015bec331690, 0x0000015bec331ba0, 0x0000015beab60a60,
0x0000015beab60040, 0x0000015beab60550, 0x0000015be91c0d80, 0x0000015bd6b2c4e0,
0x0000015bd6b2ab90, 0x0000015bd6b2d410, 0x0000015beae2c0e0, 0x0000015beae2c5f0,
0x0000015beae2cb00, 0x0000015beae2d010, 0x0000015beae2d520, 0x0000015bd5edd5c0,
0x0000015bd5eddad0, 0x0000015bd5ede4f0, 0x0000015bd5eddfe0, 0x0000015bd5edb760,
0x0000015bd5edea00, 0x0000015bd5edb250, 0x0000015beab5f620, 0x0000015bd3951870,
0x0000015bd39527a0, 0x0000015bd3952cb0, 0x0000015bd394f500, 0x0000015bd394fa10,
0x0000015bd394ff20, 0x0000015bd3950e50, 0x0000015bd3950430, 0x0000015bd3951360,
0x0000015bd3951d80
}

Java Threads: ( => current thread )
  0x0000015b8faef830 JavaThread "main" [_thread_blocked, id=2668, stack(0x000000437db00000,0x000000437dc00000)]
  0x0000015bb04cca10 JavaThread "Reference Handler" daemon [_thread_blocked, id=14836, stack(0x000000437e200000,0x000000437e300000)]
  0x0000015bb04cd890 JavaThread "Finalizer" daemon [_thread_blocked, id=4612, stack(0x000000437e300000,0x000000437e400000)]
  0x0000015bb04e2d30 JavaThread "Signal Dispatcher" daemon [_thread_blocked, id=16484, stack(0x000000437e400000,0x000000437e500000)]
  0x0000015bb04e3800 JavaThread "Attach Listener" daemon [_thread_blocked, id=5736, stack(0x000000437e500000,0x000000437e600000)]
  0x0000015bb04e61d0 JavaThread "Service Thread" daemon [_thread_blocked, id=14904, stack(0x000000437e600000,0x000000437e700000)]
  0x0000015bb04e7330 JavaThread "Monitor Deflation Thread" daemon [_thread_blocked, id=20060, stack(0x000000437e700000,0x000000437e800000)]
  0x0000015bb04e87c0 JavaThread "C2 CompilerThread0" daemon [_thread_blocked, id=16072, stack(0x000000437e800000,0x000000437e900000)]
  0x0000015bb04eee70 JavaThread "C1 CompilerThread0" daemon [_thread_blocked, id=15972, stack(0x000000437e900000,0x000000437ea00000)]
  0x0000015bb0503380 JavaThread "Sweeper thread" daemon [_thread_blocked, id=304, stack(0x000000437ea00000,0x000000437eb00000)]
  0x0000015bb04b8500 JavaThread "Common-Cleaner" daemon [_thread_blocked, id=2616, stack(0x000000437eb00000,0x000000437ec00000)]
  0x0000015bb07326f0 JavaThread "Notification Thread" daemon [_thread_blocked, id=21952, stack(0x000000437ec00000,0x000000437ed00000)]
  0x0000015bd19a3140 JavaThread "Daemon health stats" [_thread_blocked, id=25356, stack(0x000000437f400000,0x000000437f500000)]
  0x0000015bd0395220 JavaThread "Incoming local TCP Connector on port 62458" [_thread_in_native, id=21040, stack(0x000000437f500000,0x000000437f600000)]
  0x0000015bd15a2470 JavaThread "Daemon periodic checks" [_thread_blocked, id=9820, stack(0x000000437f600000,0x000000437f700000)]
  0x0000015bd1bad060 JavaThread "Daemon" [_thread_blocked, id=17440, stack(0x000000437f700000,0x000000437f800000)]
=>0x0000015bd0e83790 JavaThread "Daemon worker" [_thread_in_vm, id=2972, stack(0x000000437fa00000,0x000000437fb00000)]
  0x0000015bd0e81930 JavaThread "Cache worker for journal cache (C:\Users\sudar\.gradle\caches\journal-1)" [_thread_blocked, id=18060, stack(0x000000437fe00000,0x000000437ff00000)]
  0x0000015bd0e81e40 JavaThread "File lock request listener" [_thread_in_native, id=10376, stack(0x000000437ff00000,0x0000004380000000)]
  0x0000015bd0e846c0 JavaThread "Cache worker for file hash cache (C:\Users\sudar\.gradle\caches\8.13\fileHashes)" [_thread_blocked, id=10236, stack(0x0000004300000000,0x0000004300100000)]
  0x0000015bd3da3bb0 JavaThread "File watcher server" daemon [_thread_in_native, id=5928, stack(0x0000004300a00000,0x0000004300b00000)]
  0x0000015bd3da45d0 JavaThread "File watcher consumer" daemon [_thread_blocked, id=7408, stack(0x0000004300b00000,0x0000004300c00000)]
  0x0000015bd3da1840 JavaThread "jar transforms" [_thread_blocked, id=23528, stack(0x0000004300c00000,0x0000004300d00000)]
  0x0000015bd3da5500 JavaThread "jar transforms Thread 2" [_thread_blocked, id=15216, stack(0x0000004300d00000,0x0000004300e00000)]
  0x0000015bd3da4ae0 JavaThread "jar transforms Thread 3" [_thread_blocked, id=3436, stack(0x0000004300e00000,0x0000004300f00000)]
  0x0000015bd3da2770 JavaThread "jar transforms Thread 4" [_thread_blocked, id=7572, stack(0x0000004300f00000,0x0000004301000000)]
  0x0000015bd3d9fef0 JavaThread "jar transforms Thread 5" [_thread_blocked, id=7104, stack(0x0000004301000000,0x0000004301100000)]
  0x0000015bd3da2260 JavaThread "Cache worker for file content cache (C:\Users\sudar\.gradle\caches\8.13\fileContent)" [_thread_blocked, id=22364, stack(0x0000004301200000,0x0000004301300000)]
  0x0000015bd3da0910 JavaThread "jar transforms Thread 6" [_thread_blocked, id=13912, stack(0x0000004301300000,0x0000004301400000)]
  0x0000015bd3da5f20 JavaThread "jar transforms Thread 7" [_thread_blocked, id=26416, stack(0x0000004301400000,0x0000004301500000)]
  0x0000015bd3da3190 JavaThread "jar transforms Thread 8" [_thread_blocked, id=25060, stack(0x0000004301500000,0x0000004301600000)]
  0x0000015bd3da40c0 JavaThread "jar transforms Thread 9" [_thread_blocked, id=2332, stack(0x0000004301600000,0x0000004301700000)]
  0x0000015bd3da6430 JavaThread "jar transforms Thread 10" [_thread_blocked, id=23056, stack(0x0000004301700000,0x0000004301800000)]
  0x0000015bd61f88a0 JavaThread "Memory manager" [_thread_blocked, id=6076, stack(0x0000004304700000,0x0000004304800000)]
  0x0000015bdc1b3ee0 JavaThread "ForkJoinPool.commonPool-worker-1" daemon [_thread_blocked, id=4148, stack(0x0000004307600000,0x0000004307700000)]
  0x0000015bdc1b0730 JavaThread "ForkJoinPool.commonPool-worker-2" daemon [_thread_blocked, id=18440, stack(0x0000004307f00000,0x0000004308000000)]
  0x0000015bdc1b0220 JavaThread "ForkJoinPool.commonPool-worker-3" daemon [_thread_blocked, id=4256, stack(0x0000004308100000,0x0000004308200000)]
  0x0000015bdc1b1150 JavaThread "ForkJoinPool.commonPool-worker-5" daemon [_thread_blocked, id=23860, stack(0x0000004308200000,0x0000004308300000)]
  0x0000015bdc1b4e10 JavaThread "ForkJoinPool.commonPool-worker-6" daemon [_thread_blocked, id=12348, stack(0x0000004308300000,0x0000004308400000)]
  0x0000015bdc1b0c40 JavaThread "ForkJoinPool.commonPool-worker-7" daemon [_thread_blocked, id=23672, stack(0x0000004308400000,0x0000004308500000)]
  0x0000015bdc1b1660 JavaThread "ForkJoinPool.commonPool-worker-8" daemon [_thread_blocked, id=26756, stack(0x0000004308500000,0x0000004308600000)]
  0x0000015bdc1b6250 JavaThread "ForkJoinPool.commonPool-worker-9" daemon [_thread_blocked, id=25160, stack(0x0000004308600000,0x0000004308700000)]
  0x0000015bdc1b7690 JavaThread "ForkJoinPool.commonPool-worker-10" daemon [_thread_blocked, id=19204, stack(0x0000004308800000,0x0000004308900000)]
  0x0000015bd7d46c30 JavaThread "jar transforms Thread 11" [_thread_blocked, id=10336, stack(0x000000430be00000,0x000000430bf00000)]
  0x0000015bd7d53bc0 JavaThread "jar transforms Thread 12" [_thread_blocked, id=19884, stack(0x000000430c200000,0x000000430c300000)]
  0x0000015bea4e4b00 JavaThread "File lock release action executor Thread 3" [_thread_blocked, id=2796, stack(0x0000004301800000,0x0000004301900000)]
  0x0000015bdccd9ab0 JavaThread "included builds Thread 4" [_thread_blocked, id=13244, stack(0x0000004308000000,0x0000004308100000)]
  0x0000015be9307e70 JavaThread "VFS cleanup" [_thread_blocked, id=27940, stack(0x0000004300200000,0x0000004300300000)]
  0x0000015be9307960 JavaThread "Handler for socket connection from /127.0.0.1:62458 to /127.0.0.1:53257" [_thread_in_native, id=20444, stack(0x0000004300100000,0x0000004300200000)]
  0x0000015be9308da0 JavaThread "Cancel handler" [_thread_blocked, id=22756, stack(0x0000004300300000,0x0000004300400000)]
  0x0000015beae2da30 JavaThread "Asynchronous log dispatcher for DefaultDaemonConnection: socket connection from /127.0.0.1:62458 to /127.0.0.1:53257" [_thread_blocked, id=2320, stack(0x0000004301100000,0x0000004301200000)]
  0x0000015be91c1290 JavaThread "Stdin handler" [_thread_blocked, id=5452, stack(0x0000004301a00000,0x0000004301b00000)]
  0x0000015be91bfe50 JavaThread "Daemon client event forwarder" [_thread_blocked, id=7848, stack(0x0000004301b00000,0x0000004301c00000)]
  0x0000015be91c0360 JavaThread "Cache worker for file hash cache (E:\Freelance\Nilesh\Multilingual-translation-App\android\.gradle\8.13\fileHashes)" [_thread_blocked, id=23064, stack(0x0000004301c00000,0x0000004301d00000)]
  0x0000015be91c0870 JavaThread "Cache worker for Build Output Cleanup Cache (E:\Freelance\Nilesh\Multilingual-translation-App\android\.gradle\buildOutputCleanup)" [_thread_blocked, id=17420, stack(0x0000004301d00000,0x0000004301e00000)]
  0x0000015beab5f110 JavaThread "Cache worker for checksums cache (E:\Freelance\Nilesh\Multilingual-translation-App\android\.gradle\8.13\checksums)" [_thread_blocked, id=25108, stack(0x0000004301f00000,0x0000004302000000)]
  0x0000015beab5fb30 JavaThread "Exec process Thread 4" [_thread_blocked, id=22616, stack(0x0000004301e00000,0x0000004301f00000)]
  0x0000015bec331690 JavaThread "Exec process Thread 5" [_thread_blocked, id=4692, stack(0x0000004302000000,0x0000004302100000)]
  0x0000015bec331ba0 JavaThread "Exec process Thread 6" [_thread_blocked, id=24644, stack(0x0000004302100000,0x0000004302200000)]
  0x0000015beab60a60 JavaThread "Cache worker for cache directory md-supplier (C:\Users\sudar\.gradle\caches\8.13\md-supplier)" [_thread_blocked, id=5896, stack(0x0000004302200000,0x0000004302300000)]
  0x0000015beab60040 JavaThread "Cache worker for cache directory md-rule (C:\Users\sudar\.gradle\caches\8.13\md-rule)" [_thread_blocked, id=15560, stack(0x0000004302300000,0x0000004302400000)]
  0x0000015beab60550 JavaThread "Cache worker for Build Output Cleanup Cache (E:\Freelance\Nilesh\Multilingual-translation-App\node_modules\@react-native\gradle-plugin\.gradle\buildOutputCleanup)" [_thread_blocked, id=27800, stack(0x0000004302400000,0x0000004302500000)]
  0x0000015be91c0d80 JavaThread "Unconstrained build operations" [_thread_blocked, id=16960, stack(0x0000004302500000,0x0000004302600000)]
  0x0000015bd6b2c4e0 JavaThread "Unconstrained build operations Thread 2" [_thread_blocked, id=15968, stack(0x0000004302600000,0x0000004302700000)]
  0x0000015bd6b2ab90 JavaThread "Unconstrained build operations Thread 3" [_thread_blocked, id=17728, stack(0x0000004302700000,0x0000004302800000)]
  0x0000015bd6b2d410 JavaThread "Unconstrained build operations Thread 4" [_thread_blocked, id=22504, stack(0x0000004302800000,0x0000004302900000)]
  0x0000015beae2c0e0 JavaThread "Cache worker for Build Output Cleanup Cache (E:\Freelance\Nilesh\Multilingual-translation-App\node_modules\expo-modules-autolinking\android\expo-gradle-plugin\.gradle\buildOutputCleanup)" [_thread_blocked, id=20248, stack(0x0000004302900000,0x0000004302a00000)]
  0x0000015beae2c5f0 JavaThread "Unconstrained build operations Thread 5" [_thread_blocked, id=19848, stack(0x0000004302a00000,0x0000004302b00000)]
  0x0000015beae2cb00 JavaThread "Unconstrained build operations Thread 6" [_thread_blocked, id=5284, stack(0x0000004302b00000,0x0000004302c00000)]
  0x0000015beae2d010 JavaThread "Unconstrained build operations Thread 7" [_thread_blocked, id=19444, stack(0x0000004302c00000,0x0000004302d00000)]
  0x0000015beae2d520 JavaThread "Unconstrained build operations Thread 8" [_thread_blocked, id=2280, stack(0x0000004302d00000,0x0000004302e00000)]
  0x0000015bd5edd5c0 JavaThread "Unconstrained build operations Thread 9" [_thread_blocked, id=22324, stack(0x0000004302e00000,0x0000004302f00000)]
  0x0000015bd5eddad0 JavaThread "Unconstrained build operations Thread 10" [_thread_blocked, id=26964, stack(0x0000004302f00000,0x0000004303000000)]
  0x0000015bd5ede4f0 JavaThread "Unconstrained build operations Thread 11" [_thread_blocked, id=14996, stack(0x0000004303000000,0x0000004303100000)]
  0x0000015bd5eddfe0 JavaThread "Unconstrained build operations Thread 12" [_thread_blocked, id=3420, stack(0x0000004303100000,0x0000004303200000)]
  0x0000015bd5edb760 JavaThread "Unconstrained build operations Thread 13" [_thread_blocked, id=4652, stack(0x0000004303200000,0x0000004303300000)]
  0x0000015bd5edea00 JavaThread "Unconstrained build operations Thread 14" [_thread_blocked, id=10092, stack(0x0000004303300000,0x0000004303400000)]
  0x0000015bd5edb250 JavaThread "Unconstrained build operations Thread 15" [_thread_blocked, id=16968, stack(0x0000004303400000,0x0000004303500000)]
  0x0000015beab5f620 JavaThread "Unconstrained build operations Thread 16" [_thread_blocked, id=15356, stack(0x0000004303500000,0x0000004303600000)]
  0x0000015bd3951870 JavaThread "Unconstrained build operations Thread 17" [_thread_blocked, id=15052, stack(0x0000004303600000,0x0000004303700000)]
  0x0000015bd39527a0 JavaThread "Unconstrained build operations Thread 18" [_thread_blocked, id=13200, stack(0x0000004303700000,0x0000004303800000)]
  0x0000015bd3952cb0 JavaThread "Unconstrained build operations Thread 19" [_thread_blocked, id=28384, stack(0x0000004303800000,0x0000004303900000)]
  0x0000015bd394f500 JavaThread "Unconstrained build operations Thread 20" [_thread_blocked, id=26468, stack(0x0000004303900000,0x0000004303a00000)]
  0x0000015bd394fa10 JavaThread "Unconstrained build operations Thread 21" [_thread_blocked, id=17788, stack(0x0000004303a00000,0x0000004303b00000)]
  0x0000015bd394ff20 JavaThread "Unconstrained build operations Thread 22" [_thread_blocked, id=24296, stack(0x0000004303b00000,0x0000004303c00000)]
  0x0000015bd3950e50 JavaThread "Unconstrained build operations Thread 23" [_thread_blocked, id=25656, stack(0x0000004303c00000,0x0000004303d00000)]
  0x0000015bd3950430 JavaThread "Unconstrained build operations Thread 24" [_thread_blocked, id=8344, stack(0x0000004303d00000,0x0000004303e00000)]
  0x0000015bd3951360 JavaThread "Unconstrained build operations Thread 25" [_thread_blocked, id=23340, stack(0x0000004303e00000,0x0000004303f00000)]
  0x0000015bd3951d80 JavaThread "Unconstrained build operations Thread 26" [_thread_blocked, id=20892, stack(0x0000004303f00000,0x0000004304000000)]

Other Threads:
  0x0000015bb04c6b20 VMThread "VM Thread" [stack: 0x000000437e100000,0x000000437e200000] [id=2232]
  0x0000015bb06a11a0 WatcherThread [stack: 0x000000437ed00000,0x000000437ee00000] [id=26836]
  0x0000015b8fb4b7f0 GCTaskThread "GC Thread#0" [stack: 0x000000437dc00000,0x000000437dd00000] [id=19872]
  0x0000015bd0569800 GCTaskThread "GC Thread#1" [stack: 0x000000437f000000,0x000000437f100000] [id=3208]
  0x0000015bd0569ac0 GCTaskThread "GC Thread#2" [stack: 0x000000437f100000,0x000000437f200000] [id=8400]
  0x0000015bd0569d80 GCTaskThread "GC Thread#3" [stack: 0x000000437f200000,0x000000437f300000] [id=18512]
  0x0000015bd056a040 GCTaskThread "GC Thread#4" [stack: 0x000000437f300000,0x000000437f400000] [id=2748]
  0x0000015bd186a3d0 GCTaskThread "GC Thread#5" [stack: 0x000000437ee00000,0x000000437ef00000] [id=28404]
  0x0000015bd2905080 GCTaskThread "GC Thread#6" [stack: 0x0000004300400000,0x0000004300500000] [id=19208]
  0x0000015bd1f17060 GCTaskThread "GC Thread#7" [stack: 0x0000004300500000,0x0000004300600000] [id=17508]
  0x0000015bd3da6e80 GCTaskThread "GC Thread#8" [stack: 0x0000004300600000,0x0000004300700000] [id=21384]
  0x0000015bd3906fb0 GCTaskThread "GC Thread#9" [stack: 0x0000004300700000,0x0000004300800000] [id=13360]
  0x0000015b8fb5c740 ConcurrentGCThread "G1 Main Marker" [stack: 0x000000437dd00000,0x000000437de00000] [id=3152]
  0x0000015b8fb5d900 ConcurrentGCThread "G1 Conc#0" [stack: 0x000000437de00000,0x000000437df00000] [id=23088]
  0x0000015bd23165e0 ConcurrentGCThread "G1 Conc#1" [stack: 0x0000004300800000,0x0000004300900000] [id=13116]
  0x0000015bd2d2abe0 ConcurrentGCThread "G1 Conc#2" [stack: 0x0000004300900000,0x0000004300a00000] [id=14408]
  0x0000015b8fb9ea30 ConcurrentGCThread "G1 Refine#0" [stack: 0x000000437df00000,0x000000437e000000] [id=26304]
  0x0000015bd5c92e20 ConcurrentGCThread "G1 Refine#1" [stack: 0x0000004307700000,0x0000004307800000] [id=23328]
  0x0000015bd5c936f0 ConcurrentGCThread "G1 Refine#2" [stack: 0x0000004307800000,0x0000004307900000] [id=27564]
  0x0000015bd5c93400 ConcurrentGCThread "G1 Refine#3" [stack: 0x0000004307900000,0x0000004307a00000] [id=8412]
  0x0000015bd5c95160 ConcurrentGCThread "G1 Refine#4" [stack: 0x0000004307a00000,0x0000004307b00000] [id=20984]
  0x0000015bd5c94890 ConcurrentGCThread "G1 Refine#5" [stack: 0x0000004307b00000,0x0000004307c00000] [id=8148]
  0x0000015bd5c93cd0 ConcurrentGCThread "G1 Refine#6" [stack: 0x0000004307c00000,0x0000004307d00000] [id=7384]
  0x0000015bd5c92b30 ConcurrentGCThread "G1 Refine#7" [stack: 0x0000004307d00000,0x0000004307e00000] [id=19520]
  0x0000015bd5c92840 ConcurrentGCThread "G1 Refine#8" [stack: 0x0000004307e00000,0x0000004307f00000] [id=25512]
  0x0000015bb0384b30 ConcurrentGCThread "G1 Service" [stack: 0x000000437e000000,0x000000437e100000] [id=13084]

Threads with active compile tasks:

VM state: not at safepoint (normal execution)

VM Mutex/Monitor currently owned by a thread:  ([mutex/lock_event])
[0x0000015b8faea280] Metaspace_lock - owner thread: 0x0000015bd0e83790

Heap address: 0x0000000080000000, size: 2048 MB, Compressed Oops mode: 32-bit

CDS archive(s) mapped at: [0x0000015bb1000000-0x0000015bb1bb0000-0x0000015bb1bb0000), size 12255232, SharedBaseAddress: 0x0000015bb1000000, ArchiveRelocationMode: 1.
Compressed class space mapped at: 0x0000015bb2000000-0x0000015bcc000000, reserved size: 436207616
Narrow klass base: 0x0000015bb1000000, Narrow klass shift: 0, Narrow klass range: 0x100000000

GC Precious Log:
 CPUs: 12 total, 12 available
 Memory: 15754M
 Large Page Support: Disabled
 NUMA Support: Disabled
 Compressed Oops: Enabled (32-bit)
 Heap Region Size: 1M
 Heap Min Capacity: 8M
 Heap Initial Capacity: 248M
 Heap Max Capacity: 2G
 Pre-touch: Disabled
 Parallel Workers: 10
 Concurrent Workers: 3
 Concurrent Refinement Workers: 10
 Periodic GC: Disabled

Heap:
 garbage-first heap   total 493568K, used 363117K [0x0000000080000000, 0x0000000100000000)
  region size 1024K, 26 young (26624K), 4 survivors (4096K)
 Metaspace       used 202104K, committed 204352K, reserved 622592K
  class space    used 26435K, committed 27520K, reserved 425984K

Heap Regions: E=young(eden), S=young(survivor), O=old, HS=humongous(starts), HC=humongous(continues), CS=collection set, F=free, OA=open archive, CA=closed archive, TAMS=top-at-mark-start (previous, next)
|   0|0x0000000080000000, 0x0000000080100000, 0x0000000080100000|100%|HS|  |TAMS 0x0000000080100000, 0x0000000080000000| Complete 
|   1|0x0000000080100000, 0x0000000080200000, 0x0000000080200000|100%|HC|  |TAMS 0x0000000080200000, 0x0000000080100000| Complete 
|   2|0x0000000080200000, 0x0000000080300000, 0x0000000080300000|100%|HC|  |TAMS 0x0000000080300000, 0x0000000080200000| Complete 
|   3|0x0000000080300000, 0x0000000080400000, 0x0000000080400000|100%| O|  |TAMS 0x0000000080400000, 0x0000000080300000| Untracked 
|   4|0x0000000080400000, 0x0000000080500000, 0x0000000080500000|100%| O|  |TAMS 0x0000000080500000, 0x0000000080400000| Untracked 
|   5|0x0000000080500000, 0x0000000080600000, 0x0000000080600000|100%| O|  |TAMS 0x0000000080600000, 0x0000000080500000| Untracked 
|   6|0x0000000080600000, 0x0000000080700000, 0x0000000080700000|100%|HS|  |TAMS 0x0000000080700000, 0x0000000080600000| Complete 
|   7|0x0000000080700000, 0x0000000080800000, 0x0000000080800000|100%| O|  |TAMS 0x0000000080800000, 0x0000000080700000| Untracked 
|   8|0x0000000080800000, 0x0000000080900000, 0x0000000080900000|100%| O|  |TAMS 0x0000000080900000, 0x0000000080800000| Untracked 
|   9|0x0000000080900000, 0x0000000080a00000, 0x0000000080a00000|100%| O|  |TAMS 0x0000000080a00000, 0x0000000080900000| Untracked 
|  10|0x0000000080a00000, 0x0000000080b00000, 0x0000000080b00000|100%| O|  |TAMS 0x0000000080b00000, 0x0000000080a00000| Untracked 
|  11|0x0000000080b00000, 0x0000000080c00000, 0x0000000080c00000|100%| O|  |TAMS 0x0000000080c00000, 0x0000000080b00000| Untracked 
|  12|0x0000000080c00000, 0x0000000080d00000, 0x0000000080d00000|100%| O|  |TAMS 0x0000000080d00000, 0x0000000080c00000| Untracked 
|  13|0x0000000080d00000, 0x0000000080e00000, 0x0000000080e00000|100%|HS|  |TAMS 0x0000000080d00000, 0x0000000080d00000| Complete 
|  14|0x0000000080e00000, 0x0000000080f00000, 0x0000000080f00000|100%| O|  |TAMS 0x0000000080f00000, 0x0000000080e00000| Untracked 
|  15|0x0000000080f00000, 0x0000000081000000, 0x0000000081000000|100%| O|  |TAMS 0x0000000081000000, 0x0000000080f00000| Untracked 
|  16|0x0000000081000000, 0x0000000081100000, 0x0000000081100000|100%| O|  |TAMS 0x0000000081100000, 0x0000000081000000| Untracked 
|  17|0x0000000081100000, 0x0000000081200000, 0x0000000081200000|100%| O|  |TAMS 0x0000000081200000, 0x0000000081100000| Untracked 
|  18|0x0000000081200000, 0x0000000081300000, 0x0000000081300000|100%| O|  |TAMS 0x0000000081300000, 0x0000000081200000| Untracked 
|  19|0x0000000081300000, 0x0000000081400000, 0x0000000081400000|100%| O|  |TAMS 0x0000000081400000, 0x0000000081300000| Untracked 
|  20|0x0000000081400000, 0x0000000081500000, 0x0000000081500000|100%| O|  |TAMS 0x0000000081500000, 0x0000000081400000| Untracked 
|  21|0x0000000081500000, 0x0000000081600000, 0x0000000081600000|100%| O|  |TAMS 0x0000000081600000, 0x0000000081500000| Untracked 
|  22|0x0000000081600000, 0x0000000081700000, 0x0000000081700000|100%| O|  |TAMS 0x0000000081700000, 0x0000000081600000| Untracked 
|  23|0x0000000081700000, 0x0000000081800000, 0x0000000081800000|100%| O|  |TAMS 0x0000000081800000, 0x0000000081700000| Untracked 
|  24|0x0000000081800000, 0x0000000081900000, 0x0000000081900000|100%| O|  |TAMS 0x0000000081900000, 0x0000000081800000| Untracked 
|  25|0x0000000081900000, 0x0000000081a00000, 0x0000000081a00000|100%| O|  |TAMS 0x0000000081a00000, 0x0000000081900000| Untracked 
|  26|0x0000000081a00000, 0x0000000081b00000, 0x0000000081b00000|100%| O|  |TAMS 0x0000000081b00000, 0x0000000081a00000| Untracked 
|  27|0x0000000081b00000, 0x0000000081c00000, 0x0000000081c00000|100%| O|  |TAMS 0x0000000081c00000, 0x0000000081b00000| Untracked 
|  28|0x0000000081c00000, 0x0000000081d00000, 0x0000000081d00000|100%| O|  |TAMS 0x0000000081d00000, 0x0000000081c00000| Untracked 
|  29|0x0000000081d00000, 0x0000000081e00000, 0x0000000081e00000|100%| O|  |TAMS 0x0000000081e00000, 0x0000000081d00000| Untracked 
|  30|0x0000000081e00000, 0x0000000081f00000, 0x0000000081f00000|100%| O|  |TAMS 0x0000000081f00000, 0x0000000081e00000| Untracked 
|  31|0x0000000081f00000, 0x0000000082000000, 0x0000000082000000|100%| O|  |TAMS 0x0000000082000000, 0x0000000081f00000| Untracked 
|  32|0x0000000082000000, 0x0000000082100000, 0x0000000082100000|100%| O|  |TAMS 0x0000000082100000, 0x0000000082000000| Untracked 
|  33|0x0000000082100000, 0x0000000082200000, 0x0000000082200000|100%| O|  |TAMS 0x0000000082200000, 0x0000000082100000| Untracked 
|  34|0x0000000082200000, 0x0000000082300000, 0x0000000082300000|100%| O|  |TAMS 0x0000000082300000, 0x0000000082200000| Untracked 
|  35|0x0000000082300000, 0x0000000082400000, 0x0000000082400000|100%| O|  |TAMS 0x0000000082400000, 0x0000000082300000| Untracked 
|  36|0x0000000082400000, 0x0000000082500000, 0x0000000082500000|100%| O|  |TAMS 0x0000000082500000, 0x0000000082400000| Untracked 
|  37|0x0000000082500000, 0x0000000082600000, 0x0000000082600000|100%| O|  |TAMS 0x0000000082600000, 0x0000000082500000| Untracked 
|  38|0x0000000082600000, 0x0000000082700000, 0x0000000082700000|100%| O|  |TAMS 0x0000000082700000, 0x0000000082600000| Untracked 
|  39|0x0000000082700000, 0x0000000082800000, 0x0000000082800000|100%| O|  |TAMS 0x0000000082800000, 0x0000000082700000| Untracked 
|  40|0x0000000082800000, 0x0000000082900000, 0x0000000082900000|100%| O|  |TAMS 0x0000000082900000, 0x0000000082800000| Untracked 
|  41|0x0000000082900000, 0x0000000082a00000, 0x0000000082a00000|100%| O|  |TAMS 0x0000000082a00000, 0x0000000082900000| Untracked 
|  42|0x0000000082a00000, 0x0000000082b00000, 0x0000000082b00000|100%| O|  |TAMS 0x0000000082b00000, 0x0000000082a00000| Untracked 
|  43|0x0000000082b00000, 0x0000000082c00000, 0x0000000082c00000|100%| O|  |TAMS 0x0000000082c00000, 0x0000000082b00000| Untracked 
|  44|0x0000000082c00000, 0x0000000082d00000, 0x0000000082d00000|100%| O|  |TAMS 0x0000000082d00000, 0x0000000082c00000| Untracked 
|  45|0x0000000082d00000, 0x0000000082e00000, 0x0000000082e00000|100%| O|  |TAMS 0x0000000082e00000, 0x0000000082d00000| Untracked 
|  46|0x0000000082e00000, 0x0000000082f00000, 0x0000000082f00000|100%| O|  |TAMS 0x0000000082f00000, 0x0000000082e00000| Untracked 
|  47|0x0000000082f00000, 0x0000000083000000, 0x0000000083000000|100%| O|  |TAMS 0x0000000083000000, 0x0000000082f00000| Untracked 
|  48|0x0000000083000000, 0x0000000083100000, 0x0000000083100000|100%| O|  |TAMS 0x0000000083100000, 0x0000000083000000| Untracked 
|  49|0x0000000083100000, 0x0000000083200000, 0x0000000083200000|100%| O|  |TAMS 0x0000000083200000, 0x0000000083100000| Untracked 
|  50|0x0000000083200000, 0x0000000083300000, 0x0000000083300000|100%| O|  |TAMS 0x0000000083300000, 0x0000000083200000| Untracked 
|  51|0x0000000083300000, 0x0000000083400000, 0x0000000083400000|100%| O|  |TAMS 0x0000000083400000, 0x0000000083300000| Untracked 
|  52|0x0000000083400000, 0x0000000083500000, 0x0000000083500000|100%|HS|  |TAMS 0x0000000083500000, 0x0000000083400000| Complete 
|  53|0x0000000083500000, 0x0000000083600000, 0x0000000083600000|100%|HC|  |TAMS 0x0000000083600000, 0x0000000083500000| Complete 
|  54|0x0000000083600000, 0x0000000083700000, 0x0000000083700000|100%|HS|  |TAMS 0x0000000083700000, 0x0000000083600000| Complete 
|  55|0x0000000083700000, 0x0000000083800000, 0x0000000083800000|100%|HC|  |TAMS 0x0000000083800000, 0x0000000083700000| Complete 
|  56|0x0000000083800000, 0x0000000083900000, 0x0000000083900000|100%|HC|  |TAMS 0x0000000083900000, 0x0000000083800000| Complete 
|  57|0x0000000083900000, 0x0000000083a00000, 0x0000000083a00000|100%|HS|  |TAMS 0x0000000083a00000, 0x0000000083900000| Complete 
|  58|0x0000000083a00000, 0x0000000083b00000, 0x0000000083b00000|100%|HC|  |TAMS 0x0000000083b00000, 0x0000000083a00000| Complete 
|  59|0x0000000083b00000, 0x0000000083c00000, 0x0000000083c00000|100%|HS|  |TAMS 0x0000000083b00000, 0x0000000083b00000| Complete 
|  60|0x0000000083c00000, 0x0000000083d00000, 0x0000000083d00000|100%|HS|  |TAMS 0x0000000083c00000, 0x0000000083c00000| Complete 
|  61|0x0000000083d00000, 0x0000000083e00000, 0x0000000083e00000|100%| O|  |TAMS 0x0000000083e00000, 0x0000000083d00000| Untracked 
|  62|0x0000000083e00000, 0x0000000083f00000, 0x0000000083f00000|100%| O|  |TAMS 0x0000000083f00000, 0x0000000083e00000| Untracked 
|  63|0x0000000083f00000, 0x0000000084000000, 0x0000000084000000|100%| O|  |TAMS 0x0000000084000000, 0x0000000083f00000| Untracked 
|  64|0x0000000084000000, 0x0000000084100000, 0x0000000084100000|100%| O|  |TAMS 0x0000000084100000, 0x0000000084000000| Untracked 
|  65|0x0000000084100000, 0x0000000084200000, 0x0000000084200000|100%|HS|  |TAMS 0x0000000084200000, 0x0000000084100000| Complete 
|  66|0x0000000084200000, 0x0000000084300000, 0x0000000084300000|100%|HC|  |TAMS 0x0000000084300000, 0x0000000084200000| Complete 
|  67|0x0000000084300000, 0x0000000084400000, 0x0000000084400000|100%|HC|  |TAMS 0x0000000084400000, 0x0000000084300000| Complete 
|  68|0x0000000084400000, 0x0000000084500000, 0x0000000084500000|100%| O|  |TAMS 0x0000000084500000, 0x0000000084400000| Untracked 
|  69|0x0000000084500000, 0x0000000084600000, 0x0000000084600000|100%| O|  |TAMS 0x0000000084600000, 0x0000000084500000| Untracked 
|  70|0x0000000084600000, 0x0000000084700000, 0x0000000084700000|100%|HS|  |TAMS 0x0000000084600000, 0x0000000084600000| Complete 
|  71|0x0000000084700000, 0x0000000084800000, 0x0000000084800000|100%|HS|  |TAMS 0x0000000084800000, 0x0000000084700000| Complete 
|  72|0x0000000084800000, 0x0000000084900000, 0x0000000084900000|100%|HC|  |TAMS 0x0000000084900000, 0x0000000084800000| Complete 
|  73|0x0000000084900000, 0x0000000084a00000, 0x0000000084a00000|100%|HS|  |TAMS 0x0000000084a00000, 0x0000000084900000| Complete 
|  74|0x0000000084a00000, 0x0000000084b00000, 0x0000000084b00000|100%|HC|  |TAMS 0x0000000084b00000, 0x0000000084a00000| Complete 
|  75|0x0000000084b00000, 0x0000000084c00000, 0x0000000084c00000|100%|HS|  |TAMS 0x0000000084c00000, 0x0000000084b00000| Complete 
|  76|0x0000000084c00000, 0x0000000084d00000, 0x0000000084d00000|100%|HC|  |TAMS 0x0000000084d00000, 0x0000000084c00000| Complete 
|  77|0x0000000084d00000, 0x0000000084e00000, 0x0000000084e00000|100%|HC|  |TAMS 0x0000000084e00000, 0x0000000084d00000| Complete 
|  78|0x0000000084e00000, 0x0000000084f00000, 0x0000000084f00000|100%|HC|  |TAMS 0x0000000084f00000, 0x0000000084e00000| Complete 
|  79|0x0000000084f00000, 0x0000000085000000, 0x0000000085000000|100%| O|  |TAMS 0x0000000085000000, 0x0000000084f00000| Untracked 
|  80|0x0000000085000000, 0x0000000085100000, 0x0000000085100000|100%| O|  |TAMS 0x0000000085100000, 0x0000000085000000| Untracked 
|  81|0x0000000085100000, 0x0000000085200000, 0x0000000085200000|100%|HS|  |TAMS 0x0000000085200000, 0x0000000085100000| Complete 
|  82|0x0000000085200000, 0x0000000085300000, 0x0000000085300000|100%|HC|  |TAMS 0x0000000085300000, 0x0000000085200000| Complete 
|  83|0x0000000085300000, 0x0000000085400000, 0x0000000085400000|100%|HC|  |TAMS 0x0000000085400000, 0x0000000085300000| Complete 
|  84|0x0000000085400000, 0x0000000085500000, 0x0000000085500000|100%|HC|  |TAMS 0x0000000085500000, 0x0000000085400000| Complete 
|  85|0x0000000085500000, 0x0000000085600000, 0x0000000085600000|100%| O|  |TAMS 0x0000000085600000, 0x0000000085500000| Untracked 
|  86|0x0000000085600000, 0x0000000085700000, 0x0000000085700000|100%| O|  |TAMS 0x0000000085700000, 0x0000000085600000| Untracked 
|  87|0x0000000085700000, 0x0000000085800000, 0x0000000085800000|100%| O|  |TAMS 0x0000000085800000, 0x0000000085700000| Untracked 
|  88|0x0000000085800000, 0x0000000085900000, 0x0000000085900000|100%| O|  |TAMS 0x0000000085900000, 0x0000000085800000| Untracked 
|  89|0x0000000085900000, 0x0000000085a00000, 0x0000000085a00000|100%| O|  |TAMS 0x0000000085a00000, 0x0000000085900000| Untracked 
|  90|0x0000000085a00000, 0x0000000085b00000, 0x0000000085b00000|100%| O|  |TAMS 0x0000000085b00000, 0x0000000085a00000| Untracked 
|  91|0x0000000085b00000, 0x0000000085c00000, 0x0000000085c00000|100%| O|  |TAMS 0x0000000085c00000, 0x0000000085b00000| Untracked 
|  92|0x0000000085c00000, 0x0000000085d00000, 0x0000000085d00000|100%|HS|  |TAMS 0x0000000085c00000, 0x0000000085c00000| Complete 
|  93|0x0000000085d00000, 0x0000000085e00000, 0x0000000085e00000|100%| O|  |TAMS 0x0000000085d00000, 0x0000000085d00000| Untracked 
|  94|0x0000000085e00000, 0x0000000085f00000, 0x0000000085f00000|100%| O|  |TAMS 0x0000000085e00000, 0x0000000085e00000| Untracked 
|  95|0x0000000085f00000, 0x0000000086000000, 0x0000000086000000|100%| O|  |TAMS 0x0000000086000000, 0x0000000085f00000| Untracked 
|  96|0x0000000086000000, 0x0000000086100000, 0x0000000086100000|100%| O|  |TAMS 0x0000000086100000, 0x0000000086000000| Untracked 
|  97|0x0000000086100000, 0x0000000086200000, 0x0000000086200000|100%| O|  |TAMS 0x0000000086200000, 0x0000000086100000| Untracked 
|  98|0x0000000086200000, 0x0000000086300000, 0x0000000086300000|100%| O|  |TAMS 0x0000000086300000, 0x0000000086200000| Untracked 
|  99|0x0000000086300000, 0x0000000086400000, 0x0000000086400000|100%| O|  |TAMS 0x0000000086400000, 0x0000000086300000| Untracked 
| 100|0x0000000086400000, 0x0000000086500000, 0x0000000086500000|100%| O|  |TAMS 0x0000000086500000, 0x0000000086400000| Untracked 
| 101|0x0000000086500000, 0x0000000086600000, 0x0000000086600000|100%| O|  |TAMS 0x0000000086600000, 0x0000000086500000| Untracked 
| 102|0x0000000086600000, 0x0000000086700000, 0x0000000086700000|100%| O|  |TAMS 0x0000000086600000, 0x0000000086600000| Untracked 
| 103|0x0000000086700000, 0x0000000086800000, 0x0000000086800000|100%| O|  |TAMS 0x0000000086800000, 0x0000000086700000| Untracked 
| 104|0x0000000086800000, 0x0000000086900000, 0x0000000086900000|100%| O|  |TAMS 0x0000000086900000, 0x0000000086800000| Untracked 
| 105|0x0000000086900000, 0x0000000086a00000, 0x0000000086a00000|100%| O|  |TAMS 0x0000000086a00000, 0x0000000086900000| Untracked 
| 106|0x0000000086a00000, 0x0000000086b00000, 0x0000000086b00000|100%| O|  |TAMS 0x0000000086b00000, 0x0000000086a00000| Untracked 
| 107|0x0000000086b00000, 0x0000000086c00000, 0x0000000086c00000|100%| O|  |TAMS 0x0000000086c00000, 0x0000000086b00000| Untracked 
| 108|0x0000000086c00000, 0x0000000086d00000, 0x0000000086d00000|100%| O|  |TAMS 0x0000000086d00000, 0x0000000086c00000| Untracked 
| 109|0x0000000086d00000, 0x0000000086e00000, 0x0000000086e00000|100%| O|  |TAMS 0x0000000086e00000, 0x0000000086d00000| Untracked 
| 110|0x0000000086e00000, 0x0000000086f00000, 0x0000000086f00000|100%| O|  |TAMS 0x0000000086e00000, 0x0000000086e00000| Untracked 
| 111|0x0000000086f00000, 0x0000000087000000, 0x0000000087000000|100%| O|  |TAMS 0x0000000087000000, 0x0000000086f00000| Untracked 
| 112|0x0000000087000000, 0x0000000087100000, 0x0000000087100000|100%| O|  |TAMS 0x0000000087100000, 0x0000000087000000| Untracked 
| 113|0x0000000087100000, 0x0000000087200000, 0x0000000087200000|100%| O|  |TAMS 0x0000000087200000, 0x0000000087100000| Untracked 
| 114|0x0000000087200000, 0x0000000087300000, 0x0000000087300000|100%| O|  |TAMS 0x0000000087300000, 0x0000000087200000| Untracked 
| 115|0x0000000087300000, 0x0000000087400000, 0x0000000087400000|100%| O|  |TAMS 0x0000000087400000, 0x0000000087300000| Untracked 
| 116|0x0000000087400000, 0x0000000087500000, 0x0000000087500000|100%| O|  |TAMS 0x0000000087500000, 0x0000000087400000| Untracked 
| 117|0x0000000087500000, 0x0000000087600000, 0x0000000087600000|100%| O|  |TAMS 0x0000000087600000, 0x0000000087500000| Untracked 
| 118|0x0000000087600000, 0x0000000087700000, 0x0000000087700000|100%| O|  |TAMS 0x0000000087700000, 0x0000000087600000| Untracked 
| 119|0x0000000087700000, 0x0000000087800000, 0x0000000087800000|100%| O|  |TAMS 0x0000000087800000, 0x0000000087700000| Untracked 
| 120|0x0000000087800000, 0x0000000087900000, 0x0000000087900000|100%| O|  |TAMS 0x0000000087900000, 0x0000000087800000| Untracked 
| 121|0x0000000087900000, 0x0000000087a00000, 0x0000000087a00000|100%| O|  |TAMS 0x0000000087a00000, 0x0000000087900000| Untracked 
| 122|0x0000000087a00000, 0x0000000087b00000, 0x0000000087b00000|100%| O|  |TAMS 0x0000000087b00000, 0x0000000087a00000| Untracked 
| 123|0x0000000087b00000, 0x0000000087c00000, 0x0000000087c00000|100%| O|  |TAMS 0x0000000087c00000, 0x0000000087b00000| Untracked 
| 124|0x0000000087c00000, 0x0000000087d00000, 0x0000000087d00000|100%| O|  |TAMS 0x0000000087d00000, 0x0000000087c00000| Untracked 
| 125|0x0000000087d00000, 0x0000000087e00000, 0x0000000087e00000|100%| O|  |TAMS 0x0000000087e00000, 0x0000000087d00000| Untracked 
| 126|0x0000000087e00000, 0x0000000087f00000, 0x0000000087f00000|100%| O|  |TAMS 0x0000000087f00000, 0x0000000087e00000| Untracked 
| 127|0x0000000087f00000, 0x0000000088000000, 0x0000000088000000|100%| O|  |TAMS 0x0000000088000000, 0x0000000087f00000| Untracked 
| 128|0x0000000088000000, 0x0000000088100000, 0x0000000088100000|100%| O|  |TAMS 0x0000000088000000, 0x0000000088000000| Untracked 
| 129|0x0000000088100000, 0x0000000088200000, 0x0000000088200000|100%| O|  |TAMS 0x0000000088200000, 0x0000000088100000| Untracked 
| 130|0x0000000088200000, 0x0000000088300000, 0x0000000088300000|100%| O|  |TAMS 0x0000000088200000, 0x0000000088200000| Untracked 
| 131|0x0000000088300000, 0x0000000088400000, 0x0000000088400000|100%| O|  |TAMS 0x0000000088400000, 0x0000000088300000| Untracked 
| 132|0x0000000088400000, 0x0000000088500000, 0x0000000088500000|100%| O|  |TAMS 0x0000000088500000, 0x0000000088400000| Untracked 
| 133|0x0000000088500000, 0x0000000088600000, 0x0000000088600000|100%| O|  |TAMS 0x0000000088500000, 0x0000000088500000| Untracked 
| 134|0x0000000088600000, 0x0000000088700000, 0x0000000088700000|100%| O|  |TAMS 0x0000000088600000, 0x0000000088600000| Untracked 
| 135|0x0000000088700000, 0x0000000088800000, 0x0000000088800000|100%| O|  |TAMS 0x0000000088700000, 0x0000000088700000| Untracked 
| 136|0x0000000088800000, 0x0000000088900000, 0x0000000088900000|100%| O|  |TAMS 0x0000000088800000, 0x0000000088800000| Untracked 
| 137|0x0000000088900000, 0x0000000088a00000, 0x0000000088a00000|100%| O|  |TAMS 0x0000000088900000, 0x0000000088900000| Untracked 
| 138|0x0000000088a00000, 0x0000000088b00000, 0x0000000088b00000|100%| O|  |TAMS 0x0000000088a00000, 0x0000000088a00000| Untracked 
| 139|0x0000000088b00000, 0x0000000088c00000, 0x0000000088c00000|100%| O|  |TAMS 0x0000000088b00000, 0x0000000088b00000| Untracked 
| 140|0x0000000088c00000, 0x0000000088d00000, 0x0000000088d00000|100%| O|  |TAMS 0x0000000088d00000, 0x0000000088c00000| Untracked 
| 141|0x0000000088d00000, 0x0000000088e00000, 0x0000000088e00000|100%| O|  |TAMS 0x0000000088d00000, 0x0000000088d00000| Untracked 
| 142|0x0000000088e00000, 0x0000000088f00000, 0x0000000088f00000|100%| O|  |TAMS 0x0000000088e00000, 0x0000000088e00000| Untracked 
| 143|0x0000000088f00000, 0x0000000089000000, 0x0000000089000000|100%| O|  |TAMS 0x0000000088f00000, 0x0000000088f00000| Untracked 
| 144|0x0000000089000000, 0x0000000089100000, 0x0000000089100000|100%| O|  |TAMS 0x0000000089100000, 0x0000000089000000| Untracked 
| 145|0x0000000089100000, 0x0000000089200000, 0x0000000089200000|100%| O|  |TAMS 0x0000000089100000, 0x0000000089100000| Untracked 
| 146|0x0000000089200000, 0x0000000089300000, 0x0000000089300000|100%| O|  |TAMS 0x0000000089200000, 0x0000000089200000| Untracked 
| 147|0x0000000089300000, 0x0000000089400000, 0x0000000089400000|100%| O|  |TAMS 0x0000000089400000, 0x0000000089300000| Untracked 
| 148|0x0000000089400000, 0x0000000089500000, 0x0000000089500000|100%| O|  |TAMS 0x0000000089500000, 0x0000000089400000| Untracked 
| 149|0x0000000089500000, 0x0000000089600000, 0x0000000089600000|100%| O|  |TAMS 0x0000000089600000, 0x0000000089500000| Untracked 
| 150|0x0000000089600000, 0x0000000089700000, 0x0000000089700000|100%| O|  |TAMS 0x0000000089700000, 0x0000000089600000| Untracked 
| 151|0x0000000089700000, 0x0000000089800000, 0x0000000089800000|100%| O|  |TAMS 0x0000000089700000, 0x0000000089700000| Untracked 
| 152|0x0000000089800000, 0x0000000089900000, 0x0000000089900000|100%| O|  |TAMS 0x0000000089900000, 0x0000000089800000| Untracked 
| 153|0x0000000089900000, 0x0000000089a00000, 0x0000000089a00000|100%| O|  |TAMS 0x0000000089a00000, 0x0000000089900000| Untracked 
| 154|0x0000000089a00000, 0x0000000089b00000, 0x0000000089b00000|100%| O|  |TAMS 0x0000000089a00000, 0x0000000089a00000| Untracked 
| 155|0x0000000089b00000, 0x0000000089c00000, 0x0000000089c00000|100%| O|  |TAMS 0x0000000089b00000, 0x0000000089b00000| Untracked 
| 156|0x0000000089c00000, 0x0000000089d00000, 0x0000000089d00000|100%| O|  |TAMS 0x0000000089d00000, 0x0000000089c00000| Untracked 
| 157|0x0000000089d00000, 0x0000000089e00000, 0x0000000089e00000|100%| O|  |TAMS 0x0000000089e00000, 0x0000000089d00000| Untracked 
| 158|0x0000000089e00000, 0x0000000089f00000, 0x0000000089f00000|100%| O|  |TAMS 0x0000000089f00000, 0x0000000089e00000| Untracked 
| 159|0x0000000089f00000, 0x000000008a000000, 0x000000008a000000|100%| O|  |TAMS 0x000000008a000000, 0x0000000089f00000| Untracked 
| 160|0x000000008a000000, 0x000000008a100000, 0x000000008a100000|100%| O|  |TAMS 0x000000008a100000, 0x000000008a000000| Untracked 
| 161|0x000000008a100000, 0x000000008a200000, 0x000000008a200000|100%| O|  |TAMS 0x000000008a200000, 0x000000008a100000| Untracked 
| 162|0x000000008a200000, 0x000000008a300000, 0x000000008a300000|100%| O|  |TAMS 0x000000008a300000, 0x000000008a200000| Untracked 
| 163|0x000000008a300000, 0x000000008a400000, 0x000000008a400000|100%| O|  |TAMS 0x000000008a400000, 0x000000008a300000| Untracked 
| 164|0x000000008a400000, 0x000000008a500000, 0x000000008a500000|100%| O|  |TAMS 0x000000008a500000, 0x000000008a400000| Untracked 
| 165|0x000000008a500000, 0x000000008a600000, 0x000000008a600000|100%| O|  |TAMS 0x000000008a600000, 0x000000008a500000| Untracked 
| 166|0x000000008a600000, 0x000000008a700000, 0x000000008a700000|100%|HS|  |TAMS 0x000000008a700000, 0x000000008a600000| Complete 
| 167|0x000000008a700000, 0x000000008a800000, 0x000000008a800000|100%|HS|  |TAMS 0x000000008a800000, 0x000000008a700000| Complete 
| 168|0x000000008a800000, 0x000000008a900000, 0x000000008a900000|100%|HS|  |TAMS 0x000000008a900000, 0x000000008a800000| Complete 
| 169|0x000000008a900000, 0x000000008aa00000, 0x000000008aa00000|100%|HS|  |TAMS 0x000000008aa00000, 0x000000008a900000| Complete 
| 170|0x000000008aa00000, 0x000000008ab00000, 0x000000008ab00000|100%|HS|  |TAMS 0x000000008ab00000, 0x000000008aa00000| Complete 
| 171|0x000000008ab00000, 0x000000008ac00000, 0x000000008ac00000|100%| O|  |TAMS 0x000000008ac00000, 0x000000008ab00000| Untracked 
| 172|0x000000008ac00000, 0x000000008ad00000, 0x000000008ad00000|100%| O|  |TAMS 0x000000008ac00000, 0x000000008ac00000| Untracked 
| 173|0x000000008ad00000, 0x000000008ae00000, 0x000000008ae00000|100%| O|  |TAMS 0x000000008ae00000, 0x000000008ad00000| Untracked 
| 174|0x000000008ae00000, 0x000000008af00000, 0x000000008af00000|100%|HS|  |TAMS 0x000000008af00000, 0x000000008ae00000| Complete 
| 175|0x000000008af00000, 0x000000008b000000, 0x000000008b000000|100%| O|  |TAMS 0x000000008b000000, 0x000000008af00000| Untracked 
| 176|0x000000008b000000, 0x000000008b100000, 0x000000008b100000|100%| O|  |TAMS 0x000000008b100000, 0x000000008b000000| Untracked 
| 177|0x000000008b100000, 0x000000008b200000, 0x000000008b200000|100%| O|  |TAMS 0x000000008b200000, 0x000000008b100000| Untracked 
| 178|0x000000008b200000, 0x000000008b300000, 0x000000008b300000|100%| O|  |TAMS 0x000000008b300000, 0x000000008b200000| Untracked 
| 179|0x000000008b300000, 0x000000008b400000, 0x000000008b400000|100%| O|  |TAMS 0x000000008b400000, 0x000000008b300000| Untracked 
| 180|0x000000008b400000, 0x000000008b500000, 0x000000008b500000|100%| O|  |TAMS 0x000000008b500000, 0x000000008b400000| Untracked 
| 181|0x000000008b500000, 0x000000008b600000, 0x000000008b600000|100%| O|  |TAMS 0x000000008b600000, 0x000000008b500000| Untracked 
| 182|0x000000008b600000, 0x000000008b700000, 0x000000008b700000|100%| O|  |TAMS 0x000000008b700000, 0x000000008b600000| Untracked 
| 183|0x000000008b700000, 0x000000008b800000, 0x000000008b800000|100%| O|  |TAMS 0x000000008b800000, 0x000000008b700000| Untracked 
| 184|0x000000008b800000, 0x000000008b900000, 0x000000008b900000|100%| O|  |TAMS 0x000000008b900000, 0x000000008b800000| Untracked 
| 185|0x000000008b900000, 0x000000008ba00000, 0x000000008ba00000|100%| O|  |TAMS 0x000000008ba00000, 0x000000008b900000| Untracked 
| 186|0x000000008ba00000, 0x000000008bb00000, 0x000000008bb00000|100%|HS|  |TAMS 0x000000008bb00000, 0x000000008ba00000| Complete 
| 187|0x000000008bb00000, 0x000000008bc00000, 0x000000008bc00000|100%| O|  |TAMS 0x000000008bc00000, 0x000000008bb00000| Untracked 
| 188|0x000000008bc00000, 0x000000008bd00000, 0x000000008bd00000|100%| O|  |TAMS 0x000000008bd00000, 0x000000008bc00000| Untracked 
| 189|0x000000008bd00000, 0x000000008be00000, 0x000000008be00000|100%| O|  |TAMS 0x000000008be00000, 0x000000008bd00000| Untracked 
| 190|0x000000008be00000, 0x000000008bf00000, 0x000000008bf00000|100%|HS|  |TAMS 0x000000008bf00000, 0x000000008be00000| Complete 
| 191|0x000000008bf00000, 0x000000008c000000, 0x000000008c000000|100%|HC|  |TAMS 0x000000008c000000, 0x000000008bf00000| Complete 
| 192|0x000000008c000000, 0x000000008c100000, 0x000000008c100000|100%| O|  |TAMS 0x000000008c100000, 0x000000008c000000| Untracked 
| 193|0x000000008c100000, 0x000000008c200000, 0x000000008c200000|100%| O|  |TAMS 0x000000008c200000, 0x000000008c100000| Untracked 
| 194|0x000000008c200000, 0x000000008c300000, 0x000000008c300000|100%| O|  |TAMS 0x000000008c300000, 0x000000008c200000| Untracked 
| 195|0x000000008c300000, 0x000000008c400000, 0x000000008c400000|100%| O|  |TAMS 0x000000008c400000, 0x000000008c300000| Untracked 
| 196|0x000000008c400000, 0x000000008c500000, 0x000000008c500000|100%| O|  |TAMS 0x000000008c500000, 0x000000008c400000| Untracked 
| 197|0x000000008c500000, 0x000000008c600000, 0x000000008c600000|100%| O|  |TAMS 0x000000008c600000, 0x000000008c500000| Untracked 
| 198|0x000000008c600000, 0x000000008c700000, 0x000000008c700000|100%| O|  |TAMS 0x000000008c700000, 0x000000008c600000| Untracked 
| 199|0x000000008c700000, 0x000000008c800000, 0x000000008c800000|100%| O|  |TAMS 0x000000008c800000, 0x000000008c700000| Untracked 
| 200|0x000000008c800000, 0x000000008c900000, 0x000000008c900000|100%| O|  |TAMS 0x000000008c900000, 0x000000008c800000| Untracked 
| 201|0x000000008c900000, 0x000000008ca00000, 0x000000008ca00000|100%| O|  |TAMS 0x000000008ca00000, 0x000000008c900000| Untracked 
| 202|0x000000008ca00000, 0x000000008cb00000, 0x000000008cb00000|100%| O|  |TAMS 0x000000008cb00000, 0x000000008ca00000| Untracked 
| 203|0x000000008cb00000, 0x000000008cc00000, 0x000000008cc00000|100%| O|  |TAMS 0x000000008cc00000, 0x000000008cb00000| Untracked 
| 204|0x000000008cc00000, 0x000000008cd00000, 0x000000008cd00000|100%| O|  |TAMS 0x000000008cd00000, 0x000000008cc00000| Untracked 
| 205|0x000000008cd00000, 0x000000008ce00000, 0x000000008ce00000|100%| O|  |TAMS 0x000000008ce00000, 0x000000008cd00000| Untracked 
| 206|0x000000008ce00000, 0x000000008cf00000, 0x000000008cf00000|100%| O|  |TAMS 0x000000008cf00000, 0x000000008ce00000| Untracked 
| 207|0x000000008cf00000, 0x000000008d000000, 0x000000008d000000|100%| O|  |TAMS 0x000000008d000000, 0x000000008cf00000| Untracked 
| 208|0x000000008d000000, 0x000000008d100000, 0x000000008d100000|100%| O|  |TAMS 0x000000008d100000, 0x000000008d000000| Untracked 
| 209|0x000000008d100000, 0x000000008d200000, 0x000000008d200000|100%| O|  |TAMS 0x000000008d200000, 0x000000008d100000| Untracked 
| 210|0x000000008d200000, 0x000000008d300000, 0x000000008d300000|100%| O|  |TAMS 0x000000008d300000, 0x000000008d200000| Untracked 
| 211|0x000000008d300000, 0x000000008d400000, 0x000000008d400000|100%| O|  |TAMS 0x000000008d400000, 0x000000008d300000| Untracked 
| 212|0x000000008d400000, 0x000000008d500000, 0x000000008d500000|100%| O|  |TAMS 0x000000008d400000, 0x000000008d400000| Untracked 
| 213|0x000000008d500000, 0x000000008d600000, 0x000000008d600000|100%| O|  |TAMS 0x000000008d600000, 0x000000008d500000| Untracked 
| 214|0x000000008d600000, 0x000000008d700000, 0x000000008d700000|100%| O|  |TAMS 0x000000008d700000, 0x000000008d600000| Untracked 
| 215|0x000000008d700000, 0x000000008d800000, 0x000000008d800000|100%| O|  |TAMS 0x000000008d800000, 0x000000008d700000| Untracked 
| 216|0x000000008d800000, 0x000000008d900000, 0x000000008d900000|100%| O|  |TAMS 0x000000008d900000, 0x000000008d800000| Untracked 
| 217|0x000000008d900000, 0x000000008da00000, 0x000000008da00000|100%| O|  |TAMS 0x000000008da00000, 0x000000008d900000| Untracked 
| 218|0x000000008da00000, 0x000000008db00000, 0x000000008db00000|100%| O|  |TAMS 0x000000008db00000, 0x000000008da00000| Untracked 
| 219|0x000000008db00000, 0x000000008dc00000, 0x000000008dc00000|100%| O|  |TAMS 0x000000008dc00000, 0x000000008db00000| Untracked 
| 220|0x000000008dc00000, 0x000000008dd00000, 0x000000008dd00000|100%| O|  |TAMS 0x000000008dd00000, 0x000000008dc00000| Untracked 
| 221|0x000000008dd00000, 0x000000008de00000, 0x000000008de00000|100%| O|  |TAMS 0x000000008de00000, 0x000000008dd00000| Untracked 
| 222|0x000000008de00000, 0x000000008df00000, 0x000000008df00000|100%| O|  |TAMS 0x000000008df00000, 0x000000008de00000| Untracked 
| 223|0x000000008df00000, 0x000000008e000000, 0x000000008e000000|100%| O|  |TAMS 0x000000008e000000, 0x000000008df00000| Untracked 
| 224|0x000000008e000000, 0x000000008e100000, 0x000000008e100000|100%| O|  |TAMS 0x000000008e100000, 0x000000008e000000| Untracked 
| 225|0x000000008e100000, 0x000000008e200000, 0x000000008e200000|100%| O|  |TAMS 0x000000008e200000, 0x000000008e100000| Untracked 
| 226|0x000000008e200000, 0x000000008e300000, 0x000000008e300000|100%| O|  |TAMS 0x000000008e300000, 0x000000008e200000| Untracked 
| 227|0x000000008e300000, 0x000000008e400000, 0x000000008e400000|100%| O|  |TAMS 0x000000008e400000, 0x000000008e300000| Untracked 
| 228|0x000000008e400000, 0x000000008e500000, 0x000000008e500000|100%| O|  |TAMS 0x000000008e500000, 0x000000008e400000| Untracked 
| 229|0x000000008e500000, 0x000000008e600000, 0x000000008e600000|100%| O|  |TAMS 0x000000008e600000, 0x000000008e500000| Untracked 
| 230|0x000000008e600000, 0x000000008e700000, 0x000000008e700000|100%| O|  |TAMS 0x000000008e700000, 0x000000008e600000| Untracked 
| 231|0x000000008e700000, 0x000000008e800000, 0x000000008e800000|100%| O|  |TAMS 0x000000008e800000, 0x000000008e700000| Untracked 
| 232|0x000000008e800000, 0x000000008e900000, 0x000000008e900000|100%| O|  |TAMS 0x000000008e900000, 0x000000008e800000| Untracked 
| 233|0x000000008e900000, 0x000000008ea00000, 0x000000008ea00000|100%| O|  |TAMS 0x000000008ea00000, 0x000000008e900000| Untracked 
| 234|0x000000008ea00000, 0x000000008eb00000, 0x000000008eb00000|100%| O|  |TAMS 0x000000008eb00000, 0x000000008ea00000| Untracked 
| 235|0x000000008eb00000, 0x000000008ec00000, 0x000000008ec00000|100%| O|  |TAMS 0x000000008ec00000, 0x000000008eb00000| Untracked 
| 236|0x000000008ec00000, 0x000000008ed00000, 0x000000008ed00000|100%| O|  |TAMS 0x000000008ec00000, 0x000000008ec00000| Untracked 
| 237|0x000000008ed00000, 0x000000008ee00000, 0x000000008ee00000|100%| O|  |TAMS 0x000000008ee00000, 0x000000008ed00000| Untracked 
| 238|0x000000008ee00000, 0x000000008ef00000, 0x000000008ef00000|100%| O|  |TAMS 0x000000008ee00000, 0x000000008ee00000| Untracked 
| 239|0x000000008ef00000, 0x000000008f000000, 0x000000008f000000|100%| O|  |TAMS 0x000000008ef00000, 0x000000008ef00000| Untracked 
| 240|0x000000008f000000, 0x000000008f100000, 0x000000008f100000|100%| O|  |TAMS 0x000000008f100000, 0x000000008f000000| Untracked 
| 241|0x000000008f100000, 0x000000008f200000, 0x000000008f200000|100%| O|  |TAMS 0x000000008f200000, 0x000000008f100000| Untracked 
| 242|0x000000008f200000, 0x000000008f300000, 0x000000008f300000|100%| O|  |TAMS 0x000000008f300000, 0x000000008f200000| Untracked 
| 243|0x000000008f300000, 0x000000008f400000, 0x000000008f400000|100%| O|  |TAMS 0x000000008f400000, 0x000000008f300000| Untracked 
| 244|0x000000008f400000, 0x000000008f500000, 0x000000008f500000|100%| O|  |TAMS 0x000000008f500000, 0x000000008f400000| Untracked 
| 245|0x000000008f500000, 0x000000008f600000, 0x000000008f600000|100%| O|  |TAMS 0x000000008f500000, 0x000000008f500000| Untracked 
| 246|0x000000008f600000, 0x000000008f700000, 0x000000008f700000|100%| O|  |TAMS 0x000000008f700000, 0x000000008f600000| Untracked 
| 247|0x000000008f700000, 0x000000008f800000, 0x000000008f800000|100%| O|  |TAMS 0x000000008f800000, 0x000000008f700000| Untracked 
| 248|0x000000008f800000, 0x000000008f900000, 0x000000008f900000|100%| O|  |TAMS 0x000000008f900000, 0x000000008f800000| Untracked 
| 249|0x000000008f900000, 0x000000008fa00000, 0x000000008fa00000|100%| O|  |TAMS 0x000000008fa00000, 0x000000008f900000| Untracked 
| 250|0x000000008fa00000, 0x000000008fb00000, 0x000000008fb00000|100%|HS|  |TAMS 0x000000008fb00000, 0x000000008fa00000| Complete 
| 251|0x000000008fb00000, 0x000000008fc00000, 0x000000008fc00000|100%| O|  |TAMS 0x000000008fb00000, 0x000000008fb00000| Untracked 
| 252|0x000000008fc00000, 0x000000008fd00000, 0x000000008fd00000|100%| O|  |TAMS 0x000000008fd00000, 0x000000008fc00000| Untracked 
| 253|0x000000008fd00000, 0x000000008fe00000, 0x000000008fe00000|100%|HS|  |TAMS 0x000000008fe00000, 0x000000008fd00000| Complete 
| 254|0x000000008fe00000, 0x000000008ff00000, 0x000000008ff00000|100%|HS|  |TAMS 0x000000008ff00000, 0x000000008fe00000| Complete 
| 255|0x000000008ff00000, 0x0000000090000000, 0x0000000090000000|100%|HC|  |TAMS 0x0000000090000000, 0x000000008ff00000| Complete 
| 256|0x0000000090000000, 0x0000000090100000, 0x0000000090100000|100%| O|  |TAMS 0x0000000090100000, 0x0000000090000000| Untracked 
| 257|0x0000000090100000, 0x0000000090200000, 0x0000000090200000|100%| O|  |TAMS 0x0000000090200000, 0x0000000090100000| Untracked 
| 258|0x0000000090200000, 0x0000000090300000, 0x0000000090300000|100%| O|  |TAMS 0x0000000090300000, 0x0000000090200000| Untracked 
| 259|0x0000000090300000, 0x0000000090400000, 0x0000000090400000|100%| O|  |TAMS 0x0000000090400000, 0x0000000090300000| Untracked 
| 260|0x0000000090400000, 0x0000000090500000, 0x0000000090500000|100%| O|  |TAMS 0x0000000090500000, 0x0000000090400000| Untracked 
| 261|0x0000000090500000, 0x0000000090600000, 0x0000000090600000|100%| O|  |TAMS 0x0000000090500000, 0x0000000090500000| Untracked 
| 262|0x0000000090600000, 0x0000000090700000, 0x0000000090700000|100%| O|  |TAMS 0x0000000090700000, 0x0000000090600000| Untracked 
| 263|0x0000000090700000, 0x0000000090800000, 0x0000000090800000|100%| O|  |TAMS 0x0000000090800000, 0x0000000090700000| Untracked 
| 264|0x0000000090800000, 0x0000000090900000, 0x0000000090900000|100%| O|  |TAMS 0x0000000090900000, 0x0000000090800000| Untracked 
| 265|0x0000000090900000, 0x0000000090a00000, 0x0000000090a00000|100%| O|  |TAMS 0x0000000090a00000, 0x0000000090900000| Untracked 
| 266|0x0000000090a00000, 0x0000000090b00000, 0x0000000090b00000|100%| O|  |TAMS 0x0000000090b00000, 0x0000000090a00000| Untracked 
| 267|0x0000000090b00000, 0x0000000090c00000, 0x0000000090c00000|100%| O|  |TAMS 0x0000000090c00000, 0x0000000090b00000| Untracked 
| 268|0x0000000090c00000, 0x0000000090d00000, 0x0000000090d00000|100%| O|  |TAMS 0x0000000090c1e400, 0x0000000090c00000| Untracked 
| 269|0x0000000090d00000, 0x0000000090e00000, 0x0000000090e00000|100%| O|  |TAMS 0x0000000090d00000, 0x0000000090d00000| Untracked 
| 270|0x0000000090e00000, 0x0000000090f00000, 0x0000000090f00000|100%| O|  |TAMS 0x0000000090e00000, 0x0000000090e00000| Untracked 
| 271|0x0000000090f00000, 0x0000000091000000, 0x0000000091000000|100%| O|  |TAMS 0x0000000090f00000, 0x0000000090f00000| Untracked 
| 272|0x0000000091000000, 0x0000000091100000, 0x0000000091100000|100%| O|  |TAMS 0x0000000091000000, 0x0000000091000000| Untracked 
| 273|0x0000000091100000, 0x0000000091200000, 0x0000000091200000|100%| O|  |TAMS 0x0000000091100000, 0x0000000091100000| Untracked 
| 274|0x0000000091200000, 0x0000000091300000, 0x0000000091300000|100%| O|  |TAMS 0x0000000091200000, 0x0000000091200000| Untracked 
| 275|0x0000000091300000, 0x0000000091400000, 0x0000000091400000|100%| O|  |TAMS 0x0000000091300000, 0x0000000091300000| Untracked 
| 276|0x0000000091400000, 0x0000000091500000, 0x0000000091500000|100%| O|  |TAMS 0x0000000091400000, 0x0000000091400000| Untracked 
| 277|0x0000000091500000, 0x0000000091600000, 0x0000000091600000|100%| O|  |TAMS 0x0000000091500000, 0x0000000091500000| Untracked 
| 278|0x0000000091600000, 0x0000000091700000, 0x0000000091700000|100%| O|  |TAMS 0x0000000091600000, 0x0000000091600000| Untracked 
| 279|0x0000000091700000, 0x0000000091800000, 0x0000000091800000|100%| O|  |TAMS 0x0000000091700000, 0x0000000091700000| Untracked 
| 280|0x0000000091800000, 0x0000000091900000, 0x0000000091900000|100%|HS|  |TAMS 0x0000000091800000, 0x0000000091800000| Complete 
| 281|0x0000000091900000, 0x0000000091a00000, 0x0000000091a00000|100%| O|  |TAMS 0x0000000091900000, 0x0000000091900000| Untracked 
| 282|0x0000000091a00000, 0x0000000091b00000, 0x0000000091b00000|100%| O|  |TAMS 0x0000000091a00000, 0x0000000091a00000| Untracked 
| 283|0x0000000091b00000, 0x0000000091c00000, 0x0000000091c00000|100%| O|  |TAMS 0x0000000091b00000, 0x0000000091b00000| Untracked 
| 284|0x0000000091c00000, 0x0000000091d00000, 0x0000000091d00000|100%| O|  |TAMS 0x0000000091c00000, 0x0000000091c00000| Untracked 
| 285|0x0000000091d00000, 0x0000000091e00000, 0x0000000091e00000|100%| O|  |TAMS 0x0000000091d00000, 0x0000000091d00000| Untracked 
| 286|0x0000000091e00000, 0x0000000091f00000, 0x0000000091f00000|100%| O|  |TAMS 0x0000000091e00000, 0x0000000091e00000| Untracked 
| 287|0x0000000091f00000, 0x0000000092000000, 0x0000000092000000|100%| O|  |TAMS 0x0000000091f00000, 0x0000000091f00000| Untracked 
| 288|0x0000000092000000, 0x0000000092100000, 0x0000000092100000|100%| O|  |TAMS 0x0000000092000000, 0x0000000092000000| Untracked 
| 289|0x0000000092100000, 0x0000000092200000, 0x0000000092200000|100%| O|  |TAMS 0x0000000092100000, 0x0000000092100000| Untracked 
| 290|0x0000000092200000, 0x0000000092300000, 0x0000000092300000|100%| O|  |TAMS 0x0000000092200000, 0x0000000092200000| Untracked 
| 291|0x0000000092300000, 0x0000000092400000, 0x0000000092400000|100%| O|  |TAMS 0x0000000092300000, 0x0000000092300000| Untracked 
| 292|0x0000000092400000, 0x0000000092500000, 0x0000000092500000|100%| O|  |TAMS 0x0000000092400000, 0x0000000092400000| Untracked 
| 293|0x0000000092500000, 0x0000000092600000, 0x0000000092600000|100%| O|  |TAMS 0x0000000092500000, 0x0000000092500000| Untracked 
| 294|0x0000000092600000, 0x0000000092700000, 0x0000000092700000|100%| O|  |TAMS 0x0000000092600000, 0x0000000092600000| Untracked 
| 295|0x0000000092700000, 0x0000000092800000, 0x0000000092800000|100%| O|  |TAMS 0x0000000092700000, 0x0000000092700000| Untracked 
| 296|0x0000000092800000, 0x0000000092900000, 0x0000000092900000|100%| O|  |TAMS 0x0000000092800000, 0x0000000092800000| Untracked 
| 297|0x0000000092900000, 0x0000000092a00000, 0x0000000092a00000|100%| O|  |TAMS 0x0000000092900000, 0x0000000092900000| Untracked 
| 298|0x0000000092a00000, 0x0000000092b00000, 0x0000000092b00000|100%| O|  |TAMS 0x0000000092a00000, 0x0000000092a00000| Untracked 
| 299|0x0000000092b00000, 0x0000000092c00000, 0x0000000092c00000|100%| O|  |TAMS 0x0000000092b00000, 0x0000000092b00000| Untracked 
| 300|0x0000000092c00000, 0x0000000092d00000, 0x0000000092d00000|100%| O|  |TAMS 0x0000000092c00000, 0x0000000092c00000| Untracked 
| 301|0x0000000092d00000, 0x0000000092d00000, 0x0000000092e00000|  0%| F|  |TAMS 0x0000000092d00000, 0x0000000092d00000| Untracked 
| 302|0x0000000092e00000, 0x0000000092f00000, 0x0000000092f00000|100%| O|  |TAMS 0x0000000092e00000, 0x0000000092e00000| Untracked 
| 303|0x0000000092f00000, 0x0000000093000000, 0x0000000093000000|100%| O|  |TAMS 0x0000000092f00000, 0x0000000092f00000| Untracked 
| 304|0x0000000093000000, 0x0000000093100000, 0x0000000093100000|100%| O|  |TAMS 0x0000000093000000, 0x0000000093000000| Untracked 
| 305|0x0000000093100000, 0x0000000093200000, 0x0000000093200000|100%| O|  |TAMS 0x0000000093100000, 0x0000000093100000| Untracked 
| 306|0x0000000093200000, 0x0000000093300000, 0x0000000093300000|100%| O|  |TAMS 0x0000000093200000, 0x0000000093200000| Untracked 
| 307|0x0000000093300000, 0x0000000093400000, 0x0000000093400000|100%| O|  |TAMS 0x0000000093300000, 0x0000000093300000| Untracked 
| 308|0x0000000093400000, 0x0000000093500000, 0x0000000093500000|100%| O|  |TAMS 0x0000000093400000, 0x0000000093400000| Untracked 
| 309|0x0000000093500000, 0x0000000093600000, 0x0000000093600000|100%| O|  |TAMS 0x0000000093500000, 0x0000000093500000| Untracked 
| 310|0x0000000093600000, 0x0000000093700000, 0x0000000093700000|100%| O|  |TAMS 0x0000000093600000, 0x0000000093600000| Untracked 
| 311|0x0000000093700000, 0x0000000093800000, 0x0000000093800000|100%| O|  |TAMS 0x0000000093700000, 0x0000000093700000| Untracked 
| 312|0x0000000093800000, 0x0000000093900000, 0x0000000093900000|100%| O|  |TAMS 0x0000000093800000, 0x0000000093800000| Untracked 
| 313|0x0000000093900000, 0x0000000093a00000, 0x0000000093a00000|100%| O|  |TAMS 0x0000000093900000, 0x0000000093900000| Untracked 
| 314|0x0000000093a00000, 0x0000000093b00000, 0x0000000093b00000|100%| O|  |TAMS 0x0000000093a00000, 0x0000000093a00000| Untracked 
| 315|0x0000000093b00000, 0x0000000093c00000, 0x0000000093c00000|100%| O|  |TAMS 0x0000000093b00000, 0x0000000093b00000| Untracked 
| 316|0x0000000093c00000, 0x0000000093d00000, 0x0000000093d00000|100%| O|  |TAMS 0x0000000093c00000, 0x0000000093c00000| Untracked 
| 317|0x0000000093d00000, 0x0000000093e00000, 0x0000000093e00000|100%| O|  |TAMS 0x0000000093d00000, 0x0000000093d00000| Untracked 
| 318|0x0000000093e00000, 0x0000000093f00000, 0x0000000093f00000|100%| O|  |TAMS 0x0000000093e00000, 0x0000000093e00000| Untracked 
| 319|0x0000000093f00000, 0x0000000094000000, 0x0000000094000000|100%| O|  |TAMS 0x0000000093f00000, 0x0000000093f00000| Untracked 
| 320|0x0000000094000000, 0x0000000094100000, 0x0000000094100000|100%| O|  |TAMS 0x0000000094000000, 0x0000000094000000| Untracked 
| 321|0x0000000094100000, 0x0000000094200000, 0x0000000094200000|100%| O|  |TAMS 0x0000000094100000, 0x0000000094100000| Untracked 
| 322|0x0000000094200000, 0x0000000094300000, 0x0000000094300000|100%| O|  |TAMS 0x0000000094200000, 0x0000000094200000| Untracked 
| 323|0x0000000094300000, 0x0000000094400000, 0x0000000094400000|100%| O|  |TAMS 0x0000000094300000, 0x0000000094300000| Untracked 
| 324|0x0000000094400000, 0x0000000094500000, 0x0000000094500000|100%| O|  |TAMS 0x0000000094400000, 0x0000000094400000| Untracked 
| 325|0x0000000094500000, 0x0000000094600000, 0x0000000094600000|100%| O|  |TAMS 0x0000000094500000, 0x0000000094500000| Untracked 
| 326|0x0000000094600000, 0x0000000094700000, 0x0000000094700000|100%| O|  |TAMS 0x0000000094600000, 0x0000000094600000| Untracked 
| 327|0x0000000094700000, 0x0000000094800000, 0x0000000094800000|100%| O|  |TAMS 0x0000000094700000, 0x0000000094700000| Untracked 
| 328|0x0000000094800000, 0x0000000094900000, 0x0000000094900000|100%| O|  |TAMS 0x0000000094800000, 0x0000000094800000| Untracked 
| 329|0x0000000094900000, 0x0000000094a00000, 0x0000000094a00000|100%| O|  |TAMS 0x0000000094900000, 0x0000000094900000| Untracked 
| 330|0x0000000094a00000, 0x0000000094a9b600, 0x0000000094b00000| 60%| O|  |TAMS 0x0000000094a00000, 0x0000000094a00000| Untracked 
| 331|0x0000000094b00000, 0x0000000094b00000, 0x0000000094c00000|  0%| F|  |TAMS 0x0000000094b00000, 0x0000000094b00000| Untracked 
| 332|0x0000000094c00000, 0x0000000094c00000, 0x0000000094d00000|  0%| F|  |TAMS 0x0000000094c00000, 0x0000000094c00000| Untracked 
| 333|0x0000000094d00000, 0x0000000094d00000, 0x0000000094e00000|  0%| F|  |TAMS 0x0000000094d00000, 0x0000000094d00000| Untracked 
| 334|0x0000000094e00000, 0x0000000094e00000, 0x0000000094f00000|  0%| F|  |TAMS 0x0000000094e00000, 0x0000000094e00000| Untracked 
| 335|0x0000000094f00000, 0x0000000094f00000, 0x0000000095000000|  0%| F|  |TAMS 0x0000000094f00000, 0x0000000094f00000| Untracked 
| 336|0x0000000095000000, 0x0000000095000000, 0x0000000095100000|  0%| F|  |TAMS 0x0000000095000000, 0x0000000095000000| Untracked 
| 337|0x0000000095100000, 0x0000000095100000, 0x0000000095200000|  0%| F|  |TAMS 0x0000000095100000, 0x0000000095100000| Untracked 
| 338|0x0000000095200000, 0x0000000095200000, 0x0000000095300000|  0%| F|  |TAMS 0x0000000095200000, 0x0000000095200000| Untracked 
| 339|0x0000000095300000, 0x0000000095300000, 0x0000000095400000|  0%| F|  |TAMS 0x0000000095300000, 0x0000000095300000| Untracked 
| 340|0x0000000095400000, 0x0000000095400000, 0x0000000095500000|  0%| F|  |TAMS 0x0000000095400000, 0x0000000095400000| Untracked 
| 341|0x0000000095500000, 0x0000000095500000, 0x0000000095600000|  0%| F|  |TAMS 0x0000000095500000, 0x0000000095500000| Untracked 
| 342|0x0000000095600000, 0x0000000095600000, 0x0000000095700000|  0%| F|  |TAMS 0x0000000095600000, 0x0000000095600000| Untracked 
| 343|0x0000000095700000, 0x0000000095700000, 0x0000000095800000|  0%| F|  |TAMS 0x0000000095700000, 0x0000000095700000| Untracked 
| 344|0x0000000095800000, 0x0000000095800000, 0x0000000095900000|  0%| F|  |TAMS 0x0000000095800000, 0x0000000095800000| Untracked 
| 345|0x0000000095900000, 0x0000000095900000, 0x0000000095a00000|  0%| F|  |TAMS 0x0000000095900000, 0x0000000095900000| Untracked 
| 346|0x0000000095a00000, 0x0000000095a00000, 0x0000000095b00000|  0%| F|  |TAMS 0x0000000095a00000, 0x0000000095a00000| Untracked 
| 347|0x0000000095b00000, 0x0000000095b00000, 0x0000000095c00000|  0%| F|  |TAMS 0x0000000095b00000, 0x0000000095b00000| Untracked 
| 348|0x0000000095c00000, 0x0000000095c00000, 0x0000000095d00000|  0%| F|  |TAMS 0x0000000095c00000, 0x0000000095c00000| Untracked 
| 349|0x0000000095d00000, 0x0000000095d00000, 0x0000000095e00000|  0%| F|  |TAMS 0x0000000095d00000, 0x0000000095d00000| Untracked 
| 350|0x0000000095e00000, 0x0000000095e00000, 0x0000000095f00000|  0%| F|  |TAMS 0x0000000095e00000, 0x0000000095e00000| Untracked 
| 351|0x0000000095f00000, 0x0000000095f00000, 0x0000000096000000|  0%| F|  |TAMS 0x0000000095f00000, 0x0000000095f00000| Untracked 
| 352|0x0000000096000000, 0x0000000096000000, 0x0000000096100000|  0%| F|  |TAMS 0x0000000096000000, 0x0000000096000000| Untracked 
| 353|0x0000000096100000, 0x0000000096100000, 0x0000000096200000|  0%| F|  |TAMS 0x0000000096100000, 0x0000000096100000| Untracked 
| 354|0x0000000096200000, 0x0000000096200000, 0x0000000096300000|  0%| F|  |TAMS 0x0000000096200000, 0x0000000096200000| Untracked 
| 355|0x0000000096300000, 0x0000000096300000, 0x0000000096400000|  0%| F|  |TAMS 0x0000000096300000, 0x0000000096300000| Untracked 
| 356|0x0000000096400000, 0x0000000096400000, 0x0000000096500000|  0%| F|  |TAMS 0x0000000096400000, 0x0000000096400000| Untracked 
| 357|0x0000000096500000, 0x0000000096500000, 0x0000000096600000|  0%| F|  |TAMS 0x0000000096500000, 0x0000000096500000| Untracked 
| 358|0x0000000096600000, 0x0000000096600000, 0x0000000096700000|  0%| F|  |TAMS 0x0000000096600000, 0x0000000096600000| Untracked 
| 359|0x0000000096700000, 0x0000000096700000, 0x0000000096800000|  0%| F|  |TAMS 0x0000000096700000, 0x0000000096700000| Untracked 
| 360|0x0000000096800000, 0x0000000096800000, 0x0000000096900000|  0%| F|  |TAMS 0x0000000096800000, 0x0000000096800000| Untracked 
| 361|0x0000000096900000, 0x0000000096900000, 0x0000000096a00000|  0%| F|  |TAMS 0x0000000096900000, 0x0000000096900000| Untracked 
| 362|0x0000000096a00000, 0x0000000096a00000, 0x0000000096b00000|  0%| F|  |TAMS 0x0000000096a00000, 0x0000000096a00000| Untracked 
| 363|0x0000000096b00000, 0x0000000096b00000, 0x0000000096c00000|  0%| F|  |TAMS 0x0000000096b00000, 0x0000000096b00000| Untracked 
| 364|0x0000000096c00000, 0x0000000096c00000, 0x0000000096d00000|  0%| F|  |TAMS 0x0000000096c00000, 0x0000000096c00000| Untracked 
| 365|0x0000000096d00000, 0x0000000096d00000, 0x0000000096e00000|  0%| F|  |TAMS 0x0000000096d00000, 0x0000000096d00000| Untracked 
| 366|0x0000000096e00000, 0x0000000096e00000, 0x0000000096f00000|  0%| F|  |TAMS 0x0000000096e00000, 0x0000000096e00000| Untracked 
| 367|0x0000000096f00000, 0x0000000096f00000, 0x0000000097000000|  0%| F|  |TAMS 0x0000000096f00000, 0x0000000096f00000| Untracked 
| 368|0x0000000097000000, 0x0000000097000000, 0x0000000097100000|  0%| F|  |TAMS 0x0000000097000000, 0x0000000097000000| Untracked 
| 369|0x0000000097100000, 0x0000000097100000, 0x0000000097200000|  0%| F|  |TAMS 0x0000000097100000, 0x0000000097100000| Untracked 
| 370|0x0000000097200000, 0x0000000097200000, 0x0000000097300000|  0%| F|  |TAMS 0x0000000097200000, 0x0000000097200000| Untracked 
| 371|0x0000000097300000, 0x0000000097300000, 0x0000000097400000|  0%| F|  |TAMS 0x0000000097300000, 0x0000000097300000| Untracked 
| 372|0x0000000097400000, 0x0000000097400000, 0x0000000097500000|  0%| F|  |TAMS 0x0000000097400000, 0x0000000097400000| Untracked 
| 373|0x0000000097500000, 0x0000000097500000, 0x0000000097600000|  0%| F|  |TAMS 0x0000000097500000, 0x0000000097500000| Untracked 
| 374|0x0000000097600000, 0x0000000097600000, 0x0000000097700000|  0%| F|  |TAMS 0x0000000097600000, 0x0000000097600000| Untracked 
| 375|0x0000000097700000, 0x0000000097700000, 0x0000000097800000|  0%| F|  |TAMS 0x0000000097700000, 0x0000000097700000| Untracked 
| 376|0x0000000097800000, 0x0000000097800000, 0x0000000097900000|  0%| F|  |TAMS 0x0000000097800000, 0x0000000097800000| Untracked 
| 377|0x0000000097900000, 0x0000000097900000, 0x0000000097a00000|  0%| F|  |TAMS 0x0000000097900000, 0x0000000097900000| Untracked 
| 378|0x0000000097a00000, 0x0000000097a00000, 0x0000000097b00000|  0%| F|  |TAMS 0x0000000097a00000, 0x0000000097a00000| Untracked 
| 379|0x0000000097b00000, 0x0000000097b00000, 0x0000000097c00000|  0%| F|  |TAMS 0x0000000097b00000, 0x0000000097b00000| Untracked 
| 380|0x0000000097c00000, 0x0000000097c00000, 0x0000000097d00000|  0%| F|  |TAMS 0x0000000097c00000, 0x0000000097c00000| Untracked 
| 381|0x0000000097d00000, 0x0000000097d00000, 0x0000000097e00000|  0%| F|  |TAMS 0x0000000097d00000, 0x0000000097d00000| Untracked 
| 382|0x0000000097e00000, 0x0000000097e00000, 0x0000000097f00000|  0%| F|  |TAMS 0x0000000097e00000, 0x0000000097e00000| Untracked 
| 383|0x0000000097f00000, 0x0000000097f00000, 0x0000000098000000|  0%| F|  |TAMS 0x0000000097f00000, 0x0000000097f00000| Untracked 
| 384|0x0000000098000000, 0x0000000098000000, 0x0000000098100000|  0%| F|  |TAMS 0x0000000098000000, 0x0000000098000000| Untracked 
| 385|0x0000000098100000, 0x0000000098100000, 0x0000000098200000|  0%| F|  |TAMS 0x0000000098100000, 0x0000000098100000| Untracked 
| 386|0x0000000098200000, 0x0000000098200000, 0x0000000098300000|  0%| F|  |TAMS 0x0000000098200000, 0x0000000098200000| Untracked 
| 387|0x0000000098300000, 0x0000000098300000, 0x0000000098400000|  0%| F|  |TAMS 0x0000000098300000, 0x0000000098300000| Untracked 
| 388|0x0000000098400000, 0x0000000098400000, 0x0000000098500000|  0%| F|  |TAMS 0x0000000098400000, 0x0000000098400000| Untracked 
| 389|0x0000000098500000, 0x0000000098500000, 0x0000000098600000|  0%| F|  |TAMS 0x0000000098500000, 0x0000000098500000| Untracked 
| 390|0x0000000098600000, 0x0000000098600000, 0x0000000098700000|  0%| F|  |TAMS 0x0000000098600000, 0x0000000098600000| Untracked 
| 391|0x0000000098700000, 0x0000000098700000, 0x0000000098800000|  0%| F|  |TAMS 0x0000000098700000, 0x0000000098700000| Untracked 
| 392|0x0000000098800000, 0x0000000098800000, 0x0000000098900000|  0%| F|  |TAMS 0x0000000098800000, 0x0000000098800000| Untracked 
| 393|0x0000000098900000, 0x0000000098900000, 0x0000000098a00000|  0%| F|  |TAMS 0x0000000098900000, 0x0000000098900000| Untracked 
| 394|0x0000000098a00000, 0x0000000098a00000, 0x0000000098b00000|  0%| F|  |TAMS 0x0000000098a00000, 0x0000000098a00000| Untracked 
| 395|0x0000000098b00000, 0x0000000098b00000, 0x0000000098c00000|  0%| F|  |TAMS 0x0000000098b00000, 0x0000000098b00000| Untracked 
| 396|0x0000000098c00000, 0x0000000098c00000, 0x0000000098d00000|  0%| F|  |TAMS 0x0000000098c00000, 0x0000000098c00000| Untracked 
| 397|0x0000000098d00000, 0x0000000098d00000, 0x0000000098e00000|  0%| F|  |TAMS 0x0000000098d00000, 0x0000000098d00000| Untracked 
| 398|0x0000000098e00000, 0x0000000098e00000, 0x0000000098f00000|  0%| F|  |TAMS 0x0000000098e00000, 0x0000000098e00000| Untracked 
| 399|0x0000000098f00000, 0x0000000098f00000, 0x0000000099000000|  0%| F|  |TAMS 0x0000000098f00000, 0x0000000098f00000| Untracked 
| 400|0x0000000099000000, 0x0000000099000000, 0x0000000099100000|  0%| F|  |TAMS 0x0000000099000000, 0x0000000099000000| Untracked 
| 401|0x0000000099100000, 0x0000000099100000, 0x0000000099200000|  0%| F|  |TAMS 0x0000000099100000, 0x0000000099100000| Untracked 
| 402|0x0000000099200000, 0x0000000099200000, 0x0000000099300000|  0%| F|  |TAMS 0x0000000099200000, 0x0000000099200000| Untracked 
| 403|0x0000000099300000, 0x0000000099400000, 0x0000000099400000|100%| S|CS|TAMS 0x0000000099300000, 0x0000000099300000| Complete 
| 404|0x0000000099400000, 0x0000000099500000, 0x0000000099500000|100%| S|CS|TAMS 0x0000000099400000, 0x0000000099400000| Complete 
| 405|0x0000000099500000, 0x0000000099600000, 0x0000000099600000|100%| S|CS|TAMS 0x0000000099500000, 0x0000000099500000| Complete 
| 406|0x0000000099600000, 0x0000000099700000, 0x0000000099700000|100%| S|CS|TAMS 0x0000000099600000, 0x0000000099600000| Complete 
| 407|0x0000000099700000, 0x0000000099700000, 0x0000000099800000|  0%| F|  |TAMS 0x0000000099700000, 0x0000000099700000| Untracked 
| 408|0x0000000099800000, 0x0000000099800000, 0x0000000099900000|  0%| F|  |TAMS 0x0000000099800000, 0x0000000099800000| Untracked 
| 409|0x0000000099900000, 0x0000000099900000, 0x0000000099a00000|  0%| F|  |TAMS 0x0000000099900000, 0x0000000099900000| Untracked 
| 410|0x0000000099a00000, 0x0000000099a00000, 0x0000000099b00000|  0%| F|  |TAMS 0x0000000099a00000, 0x0000000099a00000| Untracked 
| 411|0x0000000099b00000, 0x0000000099b00000, 0x0000000099c00000|  0%| F|  |TAMS 0x0000000099b00000, 0x0000000099b00000| Untracked 
| 412|0x0000000099c00000, 0x0000000099c00000, 0x0000000099d00000|  0%| F|  |TAMS 0x0000000099c00000, 0x0000000099c00000| Untracked 
| 413|0x0000000099d00000, 0x0000000099d00000, 0x0000000099e00000|  0%| F|  |TAMS 0x0000000099d00000, 0x0000000099d00000| Untracked 
| 414|0x0000000099e00000, 0x0000000099e00000, 0x0000000099f00000|  0%| F|  |TAMS 0x0000000099e00000, 0x0000000099e00000| Untracked 
| 415|0x0000000099f00000, 0x0000000099f00000, 0x000000009a000000|  0%| F|  |TAMS 0x0000000099f00000, 0x0000000099f00000| Untracked 
| 416|0x000000009a000000, 0x000000009a000000, 0x000000009a100000|  0%| F|  |TAMS 0x000000009a000000, 0x000000009a000000| Untracked 
| 417|0x000000009a100000, 0x000000009a100000, 0x000000009a200000|  0%| F|  |TAMS 0x000000009a100000, 0x000000009a100000| Untracked 
| 418|0x000000009a200000, 0x000000009a200000, 0x000000009a300000|  0%| F|  |TAMS 0x000000009a200000, 0x000000009a200000| Untracked 
| 419|0x000000009a300000, 0x000000009a300000, 0x000000009a400000|  0%| F|  |TAMS 0x000000009a300000, 0x000000009a300000| Untracked 
| 420|0x000000009a400000, 0x000000009a400000, 0x000000009a500000|  0%| F|  |TAMS 0x000000009a400000, 0x000000009a400000| Untracked 
| 421|0x000000009a500000, 0x000000009a500000, 0x000000009a600000|  0%| F|  |TAMS 0x000000009a500000, 0x000000009a500000| Untracked 
| 422|0x000000009a600000, 0x000000009a600000, 0x000000009a700000|  0%| F|  |TAMS 0x000000009a600000, 0x000000009a600000| Untracked 
| 423|0x000000009a700000, 0x000000009a700000, 0x000000009a800000|  0%| F|  |TAMS 0x000000009a700000, 0x000000009a700000| Untracked 
| 424|0x000000009a800000, 0x000000009a800000, 0x000000009a900000|  0%| F|  |TAMS 0x000000009a800000, 0x000000009a800000| Untracked 
| 425|0x000000009a900000, 0x000000009a900000, 0x000000009aa00000|  0%| F|  |TAMS 0x000000009a900000, 0x000000009a900000| Untracked 
| 426|0x000000009aa00000, 0x000000009aa00000, 0x000000009ab00000|  0%| F|  |TAMS 0x000000009aa00000, 0x000000009aa00000| Untracked 
| 427|0x000000009ab00000, 0x000000009ab00000, 0x000000009ac00000|  0%| F|  |TAMS 0x000000009ab00000, 0x000000009ab00000| Untracked 
| 428|0x000000009ac00000, 0x000000009ac00000, 0x000000009ad00000|  0%| F|  |TAMS 0x000000009ac00000, 0x000000009ac00000| Untracked 
| 429|0x000000009ad00000, 0x000000009ad00000, 0x000000009ae00000|  0%| F|  |TAMS 0x000000009ad00000, 0x000000009ad00000| Untracked 
| 430|0x000000009ae00000, 0x000000009ae00000, 0x000000009af00000|  0%| F|  |TAMS 0x000000009ae00000, 0x000000009ae00000| Untracked 
| 431|0x000000009af00000, 0x000000009af00000, 0x000000009b000000|  0%| F|  |TAMS 0x000000009af00000, 0x000000009af00000| Untracked 
| 432|0x000000009b000000, 0x000000009b000000, 0x000000009b100000|  0%| F|  |TAMS 0x000000009b000000, 0x000000009b000000| Untracked 
| 433|0x000000009b100000, 0x000000009b100000, 0x000000009b200000|  0%| F|  |TAMS 0x000000009b100000, 0x000000009b100000| Untracked 
| 434|0x000000009b200000, 0x000000009b200000, 0x000000009b300000|  0%| F|  |TAMS 0x000000009b200000, 0x000000009b200000| Untracked 
| 435|0x000000009b300000, 0x000000009b300000, 0x000000009b400000|  0%| F|  |TAMS 0x000000009b300000, 0x000000009b300000| Untracked 
| 436|0x000000009b400000, 0x000000009b400000, 0x000000009b500000|  0%| F|  |TAMS 0x000000009b400000, 0x000000009b400000| Untracked 
| 437|0x000000009b500000, 0x000000009b500000, 0x000000009b600000|  0%| F|  |TAMS 0x000000009b500000, 0x000000009b500000| Untracked 
| 438|0x000000009b600000, 0x000000009b600000, 0x000000009b700000|  0%| F|  |TAMS 0x000000009b600000, 0x000000009b600000| Untracked 
| 439|0x000000009b700000, 0x000000009b700000, 0x000000009b800000|  0%| F|  |TAMS 0x000000009b700000, 0x000000009b700000| Untracked 
| 440|0x000000009b800000, 0x000000009b800000, 0x000000009b900000|  0%| F|  |TAMS 0x000000009b800000, 0x000000009b800000| Untracked 
| 441|0x000000009b900000, 0x000000009b900000, 0x000000009ba00000|  0%| F|  |TAMS 0x000000009b900000, 0x000000009b900000| Untracked 
| 442|0x000000009ba00000, 0x000000009ba00000, 0x000000009bb00000|  0%| F|  |TAMS 0x000000009ba00000, 0x000000009ba00000| Untracked 
| 443|0x000000009bb00000, 0x000000009bb00000, 0x000000009bc00000|  0%| F|  |TAMS 0x000000009bb00000, 0x000000009bb00000| Untracked 
| 444|0x000000009bc00000, 0x000000009bc00000, 0x000000009bd00000|  0%| F|  |TAMS 0x000000009bc00000, 0x000000009bc00000| Untracked 
| 445|0x000000009bd00000, 0x000000009bd00000, 0x000000009be00000|  0%| F|  |TAMS 0x000000009bd00000, 0x000000009bd00000| Untracked 
| 446|0x000000009be00000, 0x000000009be00000, 0x000000009bf00000|  0%| F|  |TAMS 0x000000009be00000, 0x000000009be00000| Untracked 
| 447|0x000000009bf00000, 0x000000009bf00000, 0x000000009c000000|  0%| F|  |TAMS 0x000000009bf00000, 0x000000009bf00000| Untracked 
| 448|0x000000009c000000, 0x000000009c000000, 0x000000009c100000|  0%| F|  |TAMS 0x000000009c000000, 0x000000009c000000| Untracked 
| 449|0x000000009c100000, 0x000000009c100000, 0x000000009c200000|  0%| F|  |TAMS 0x000000009c100000, 0x000000009c100000| Untracked 
| 450|0x000000009c200000, 0x000000009c200000, 0x000000009c300000|  0%| F|  |TAMS 0x000000009c200000, 0x000000009c200000| Untracked 
| 451|0x000000009c300000, 0x000000009c300000, 0x000000009c400000|  0%| F|  |TAMS 0x000000009c300000, 0x000000009c300000| Untracked 
| 452|0x000000009c400000, 0x000000009c400000, 0x000000009c500000|  0%| F|  |TAMS 0x000000009c400000, 0x000000009c400000| Untracked 
| 453|0x000000009c500000, 0x000000009c500000, 0x000000009c600000|  0%| F|  |TAMS 0x000000009c500000, 0x000000009c500000| Untracked 
| 454|0x000000009c600000, 0x000000009c600000, 0x000000009c700000|  0%| F|  |TAMS 0x000000009c600000, 0x000000009c600000| Untracked 
| 455|0x000000009c700000, 0x000000009c700000, 0x000000009c800000|  0%| F|  |TAMS 0x000000009c700000, 0x000000009c700000| Untracked 
| 456|0x000000009c800000, 0x000000009c800000, 0x000000009c900000|  0%| F|  |TAMS 0x000000009c800000, 0x000000009c800000| Untracked 
| 457|0x000000009c900000, 0x000000009c900000, 0x000000009ca00000|  0%| F|  |TAMS 0x000000009c900000, 0x000000009c900000| Untracked 
| 458|0x000000009ca00000, 0x000000009ca00000, 0x000000009cb00000|  0%| F|  |TAMS 0x000000009ca00000, 0x000000009ca00000| Untracked 
| 459|0x000000009cb00000, 0x000000009cb00000, 0x000000009cc00000|  0%| F|  |TAMS 0x000000009cb00000, 0x000000009cb00000| Untracked 
| 460|0x000000009cc00000, 0x000000009ccc0160, 0x000000009cd00000| 75%| E|  |TAMS 0x000000009cc00000, 0x000000009cc00000| Complete 
| 461|0x000000009cd00000, 0x000000009ce00000, 0x000000009ce00000|100%| E|CS|TAMS 0x000000009cd00000, 0x000000009cd00000| Complete 
| 462|0x000000009ce00000, 0x000000009cf00000, 0x000000009cf00000|100%| E|CS|TAMS 0x000000009ce00000, 0x000000009ce00000| Complete 
| 463|0x000000009cf00000, 0x000000009d000000, 0x000000009d000000|100%| E|CS|TAMS 0x000000009cf00000, 0x000000009cf00000| Complete 
| 464|0x000000009d000000, 0x000000009d100000, 0x000000009d100000|100%| E|CS|TAMS 0x000000009d000000, 0x000000009d000000| Complete 
| 465|0x000000009d100000, 0x000000009d200000, 0x000000009d200000|100%| E|CS|TAMS 0x000000009d100000, 0x000000009d100000| Complete 
| 466|0x000000009d200000, 0x000000009d300000, 0x000000009d300000|100%| E|CS|TAMS 0x000000009d200000, 0x000000009d200000| Complete 
| 467|0x000000009d300000, 0x000000009d400000, 0x000000009d400000|100%| E|CS|TAMS 0x000000009d300000, 0x000000009d300000| Complete 
| 468|0x000000009d400000, 0x000000009d500000, 0x000000009d500000|100%| E|CS|TAMS 0x000000009d400000, 0x000000009d400000| Complete 
| 469|0x000000009d500000, 0x000000009d600000, 0x000000009d600000|100%| E|CS|TAMS 0x000000009d500000, 0x000000009d500000| Complete 
| 470|0x000000009d600000, 0x000000009d700000, 0x000000009d700000|100%| E|CS|TAMS 0x000000009d600000, 0x000000009d600000| Complete 
| 471|0x000000009d700000, 0x000000009d800000, 0x000000009d800000|100%| E|CS|TAMS 0x000000009d700000, 0x000000009d700000| Complete 
| 472|0x000000009d800000, 0x000000009d900000, 0x000000009d900000|100%| E|CS|TAMS 0x000000009d800000, 0x000000009d800000| Complete 
| 473|0x000000009d900000, 0x000000009da00000, 0x000000009da00000|100%| E|CS|TAMS 0x000000009d900000, 0x000000009d900000| Complete 
| 474|0x000000009da00000, 0x000000009db00000, 0x000000009db00000|100%| E|CS|TAMS 0x000000009da00000, 0x000000009da00000| Complete 
| 475|0x000000009db00000, 0x000000009dc00000, 0x000000009dc00000|100%| E|CS|TAMS 0x000000009db00000, 0x000000009db00000| Complete 
| 476|0x000000009dc00000, 0x000000009dd00000, 0x000000009dd00000|100%| E|CS|TAMS 0x000000009dc00000, 0x000000009dc00000| Complete 
| 477|0x000000009dd00000, 0x000000009de00000, 0x000000009de00000|100%| E|CS|TAMS 0x000000009dd00000, 0x000000009dd00000| Complete 
| 478|0x000000009de00000, 0x000000009df00000, 0x000000009df00000|100%| E|CS|TAMS 0x000000009de00000, 0x000000009de00000| Complete 
| 479|0x000000009df00000, 0x000000009e000000, 0x000000009e000000|100%| E|CS|TAMS 0x000000009df00000, 0x000000009df00000| Complete 
| 480|0x000000009e000000, 0x000000009e100000, 0x000000009e100000|100%| E|CS|TAMS 0x000000009e000000, 0x000000009e000000| Complete 
| 481|0x000000009e100000, 0x000000009e200000, 0x000000009e200000|100%| E|CS|TAMS 0x000000009e100000, 0x000000009e100000| Complete 

Card table byte_map: [0x0000015ba8fb0000,0x0000015ba93b0000] _byte_map_base: 0x0000015ba8bb0000

Marking Bits (Prev, Next): (CMBitMap*) 0x0000015b8fb4be10, (CMBitMap*) 0x0000015b8fb4be50
 Prev Bits: [0x0000015ba97b0000, 0x0000015bab7b0000)
 Next Bits: [0x0000015bab7b0000, 0x0000015bad7b0000)

Polling page: 0x0000015b98ee0000

Metaspace:

Usage:
  Non-class:    171.55 MB used.
      Class:     25.82 MB used.
       Both:    197.37 MB used.

Virtual space:
  Non-class space:      192.00 MB reserved,     172.69 MB ( 90%) committed,  3 nodes.
      Class space:      416.00 MB reserved,      26.88 MB (  6%) committed,  1 nodes.
             Both:      608.00 MB reserved,     199.56 MB ( 33%) committed. 

Chunk freelists:
   Non-Class:  2.56 MB
       Class:  5.12 MB
        Both:  7.68 MB

MaxMetaspaceSize: 512.00 MB
CompressedClassSpaceSize: 416.00 MB
Initial GC threshold: 21.00 MB
Current GC threshold: 295.00 MB
CDS: on
MetaspaceReclaimPolicy: balanced
 - commit_granule_bytes: 65536.
 - commit_granule_words: 8192.
 - virtual_space_node_default_size: 8388608.
 - enlarge_chunks_in_place: 1.
 - new_chunks_are_fully_committed: 0.
 - uncommit_free_chunks: 1.
 - use_allocation_guard: 0.
 - handle_deallocations: 1.


Internal statistics:

num_allocs_failed_limit: 12.
num_arena_births: 3118.
num_arena_deaths: 0.
num_vsnodes_births: 4.
num_vsnodes_deaths: 0.
num_space_committed: 3191.
num_space_uncommitted: 0.
num_chunks_returned_to_freelist: 12.
num_chunks_taken_from_freelist: 11992.
num_chunk_merges: 12.
num_chunk_splits: 7981.
num_chunks_enlarged: 5258.
num_inconsistent_stats: 0.

CodeHeap 'non-profiled nmethods': size=120000Kb used=18949Kb max_used=18949Kb free=101050Kb
 bounds [0x0000015ba09d0000, 0x0000015ba1c60000, 0x0000015ba7f00000]
CodeHeap 'profiled nmethods': size=120000Kb used=49553Kb max_used=49553Kb free=70446Kb
 bounds [0x0000015b98f00000, 0x0000015b9bf70000, 0x0000015ba0430000]
CodeHeap 'non-nmethods': size=5760Kb used=2696Kb max_used=2748Kb free=3063Kb
 bounds [0x0000015ba0430000, 0x0000015ba06f0000, 0x0000015ba09d0000]
 total_blobs=25068 nmethods=23788 adapters=1189
 compilation: enabled
              stopped_count=0, restarted_count=0
 full_count=0

Compilation events (20 events):
Event: 219.068 Thread 0x0000015bb04eee70 nmethod 28791 0x0000015b9bf60d90 code [0x0000015b9bf60fe0, 0x0000015b9bf61908]
Event: 219.126 Thread 0x0000015bb04eee70 28793   !   3       org.gradle.internal.serialize.kryo.KryoBackedDecoder::readSmallLong (16 bytes)
Event: 219.127 Thread 0x0000015bb04eee70 nmethod 28793 0x0000015b9bf61c10 code [0x0000015b9bf61e20, 0x0000015b9bf623a8]
Event: 219.128 Thread 0x0000015bb04e87c0 28794       4       com.google.common.cache.Striped64::casBase (13 bytes)
Event: 219.128 Thread 0x0000015bb04e87c0 nmethod 28794 0x0000015ba1c50090 code [0x0000015ba1c50200, 0x0000015ba1c50298]
Event: 219.195 Thread 0x0000015bb04eee70 28795       3       org.codehaus.groovy.runtime.callsite.CallSiteArray::<init> (45 bytes)
Event: 219.196 Thread 0x0000015bb04eee70 nmethod 28795 0x0000015b9bf62610 code [0x0000015b9bf628a0, 0x0000015b9bf63648]
Event: 219.196 Thread 0x0000015bb04eee70 28796       3       org.codehaus.groovy.runtime.callsite.CallSiteArray$$Lambda$490/0x0000015bb2446fe8::<init> (15 bytes)
Event: 219.196 Thread 0x0000015bb04eee70 nmethod 28796 0x0000015b9bf63a90 code [0x0000015b9bf63c40, 0x0000015b9bf63e58]
Event: 219.196 Thread 0x0000015bb04eee70 28797       3       org.codehaus.groovy.runtime.callsite.CallSiteArray$$Lambda$491/0x0000015bb2447208::apply (5 bytes)
Event: 219.197 Thread 0x0000015bb04eee70 nmethod 28797 0x0000015b9bf63f10 code [0x0000015b9bf640a0, 0x0000015b9bf64298]
Event: 219.198 Thread 0x0000015bb04eee70 28798       3       org.codehaus.groovy.reflection.CachedClass$CachedMethodComparatorWithString::compare (37 bytes)
Event: 219.198 Thread 0x0000015bb04eee70 nmethod 28798 0x0000015b9bf64390 code [0x0000015b9bf645a0, 0x0000015b9bf64d98]
Event: 219.205 Thread 0x0000015bb04eee70 28799       3       org.codehaus.groovy.runtime.callsite.AbstractCallSite::call (7 bytes)
Event: 219.206 Thread 0x0000015bb04eee70 nmethod 28799 0x0000015b9bf65010 code [0x0000015b9bf651c0, 0x0000015b9bf65438]
Event: 219.206 Thread 0x0000015bb04eee70 28800       3       org.codehaus.groovy.runtime.callsite.CallSiteArray::defaultCall (14 bytes)
Event: 219.206 Thread 0x0000015bb04eee70 nmethod 28800 0x0000015b9bf65590 code [0x0000015b9bf65740, 0x0000015b9bf65938]
Event: 219.206 Thread 0x0000015bb04eee70 28801       3       org.codehaus.groovy.runtime.callsite.CallSiteArray::createCallSite (64 bytes)
Event: 219.206 Thread 0x0000015bb04eee70 nmethod 28801 0x0000015b9bf65a10 code [0x0000015b9bf65c40, 0x0000015b9bf66618]
Event: 219.214 Thread 0x0000015bb04e87c0 28802       4       org.gradle.internal.operations.DefaultBuildOperationRunner::getCurrentBuildOperation (11 bytes)

GC Heap History (20 events):
Event: 52.548 GC heap before
{Heap before GC invocations=127 (full 0):
 garbage-first heap   total 493568K, used 298881K [0x0000000080000000, 0x0000000100000000)
  region size 1024K, 24 young (24576K), 3 survivors (3072K)
 Metaspace       used 179402K, committed 181248K, reserved 622592K
  class space    used 23537K, committed 24384K, reserved 425984K
}
Event: 52.556 GC heap after
{Heap after GC invocations=128 (full 0):
 garbage-first heap   total 493568K, used 254054K [0x0000000080000000, 0x0000000100000000)
  region size 1024K, 3 young (3072K), 3 survivors (3072K)
 Metaspace       used 179402K, committed 181248K, reserved 622592K
  class space    used 23537K, committed 24384K, reserved 425984K
}
Event: 53.630 GC heap before
{Heap before GC invocations=128 (full 0):
 garbage-first heap   total 493568K, used 399462K [0x0000000080000000, 0x0000000100000000)
  region size 1024K, 143 young (146432K), 3 survivors (3072K)
 Metaspace       used 179585K, committed 181504K, reserved 622592K
  class space    used 23561K, committed 24448K, reserved 425984K
}
Event: 53.636 GC heap after
{Heap after GC invocations=129 (full 0):
 garbage-first heap   total 493568K, used 267391K [0x0000000080000000, 0x0000000100000000)
  region size 1024K, 14 young (14336K), 14 survivors (14336K)
 Metaspace       used 179585K, committed 181504K, reserved 622592K
  class space    used 23561K, committed 24448K, reserved 425984K
}
Event: 54.371 GC heap before
{Heap before GC invocations=129 (full 0):
 garbage-first heap   total 493568K, used 406655K [0x0000000080000000, 0x0000000100000000)
  region size 1024K, 147 young (150528K), 14 survivors (14336K)
 Metaspace       used 179778K, committed 181632K, reserved 622592K
  class space    used 23588K, committed 24448K, reserved 425984K
}
Event: 54.378 GC heap after
{Heap after GC invocations=130 (full 0):
 garbage-first heap   total 493568K, used 278682K [0x0000000080000000, 0x0000000100000000)
  region size 1024K, 11 young (11264K), 11 survivors (11264K)
 Metaspace       used 179778K, committed 181632K, reserved 622592K
  class space    used 23588K, committed 24448K, reserved 425984K
}
Event: 81.346 GC heap before
{Heap before GC invocations=130 (full 0):
 garbage-first heap   total 493568K, used 405658K [0x0000000080000000, 0x0000000100000000)
  region size 1024K, 136 young (139264K), 11 survivors (11264K)
 Metaspace       used 188806K, committed 190720K, reserved 622592K
  class space    used 24631K, committed 25536K, reserved 425984K
}
Event: 81.353 GC heap after
{Heap after GC invocations=131 (full 0):
 garbage-first heap   total 493568K, used 287429K [0x0000000080000000, 0x0000000100000000)
  region size 1024K, 10 young (10240K), 10 survivors (10240K)
 Metaspace       used 188806K, committed 190720K, reserved 622592K
  class space    used 24631K, committed 25536K, reserved 425984K
}
Event: 169.589 GC heap before
{Heap before GC invocations=131 (full 0):
 garbage-first heap   total 493568K, used 408261K [0x0000000080000000, 0x0000000100000000)
  region size 1024K, 128 young (131072K), 10 survivors (10240K)
 Metaspace       used 189559K, committed 191488K, reserved 622592K
  class space    used 24656K, committed 25536K, reserved 425984K
}
Event: 169.594 GC heap after
{Heap after GC invocations=132 (full 0):
 garbage-first heap   total 493568K, used 291325K [0x0000000080000000, 0x0000000100000000)
  region size 1024K, 5 young (5120K), 5 survivors (5120K)
 Metaspace       used 189559K, committed 191488K, reserved 622592K
  class space    used 24656K, committed 25536K, reserved 425984K
}
Event: 188.801 GC heap before
{Heap before GC invocations=132 (full 0):
 garbage-first heap   total 493568K, used 415229K [0x0000000080000000, 0x0000000100000000)
  region size 1024K, 125 young (128000K), 5 survivors (5120K)
 Metaspace       used 192997K, committed 194944K, reserved 622592K
  class space    used 25129K, committed 26048K, reserved 425984K
}
Event: 188.807 GC heap after
{Heap after GC invocations=133 (full 0):
 garbage-first heap   total 493568K, used 297050K [0x0000000080000000, 0x0000000100000000)
  region size 1024K, 10 young (10240K), 10 survivors (10240K)
 Metaspace       used 192997K, committed 194944K, reserved 622592K
  class space    used 25129K, committed 26048K, reserved 425984K
}
Event: 191.051 GC heap before
{Heap before GC invocations=133 (full 0):
 garbage-first heap   total 493568K, used 415834K [0x0000000080000000, 0x0000000100000000)
  region size 1024K, 126 young (129024K), 10 survivors (10240K)
 Metaspace       used 198767K, committed 200704K, reserved 622592K
  class space    used 25925K, committed 26816K, reserved 425984K
}
Event: 191.058 GC heap after
{Heap after GC invocations=134 (full 0):
 garbage-first heap   total 493568K, used 305197K [0x0000000080000000, 0x0000000100000000)
  region size 1024K, 15 young (15360K), 15 survivors (15360K)
 Metaspace       used 198767K, committed 200704K, reserved 622592K
  class space    used 25925K, committed 26816K, reserved 425984K
}
Event: 191.909 GC heap before
{Heap before GC invocations=134 (full 0):
 garbage-first heap   total 493568K, used 416813K [0x0000000080000000, 0x0000000100000000)
  region size 1024K, 124 young (126976K), 15 survivors (15360K)
 Metaspace       used 199704K, committed 201728K, reserved 622592K
  class space    used 26051K, committed 27008K, reserved 425984K
}
Event: 191.921 GC heap after
{Heap after GC invocations=135 (full 0):
 garbage-first heap   total 493568K, used 324373K [0x0000000080000000, 0x0000000100000000)
  region size 1024K, 16 young (16384K), 16 survivors (16384K)
 Metaspace       used 199704K, committed 201728K, reserved 622592K
  class space    used 26051K, committed 27008K, reserved 425984K
}
Event: 192.888 GC heap before
{Heap before GC invocations=135 (full 0):
 garbage-first heap   total 493568K, used 414485K [0x0000000080000000, 0x0000000100000000)
  region size 1024K, 103 young (105472K), 16 survivors (16384K)
 Metaspace       used 201326K, committed 203584K, reserved 622592K
  class space    used 26307K, committed 27328K, reserved 425984K
}
Event: 192.899 GC heap after
{Heap after GC invocations=136 (full 0):
 garbage-first heap   total 493568K, used 339600K [0x0000000080000000, 0x0000000100000000)
  region size 1024K, 13 young (13312K), 13 survivors (13312K)
 Metaspace       used 201326K, committed 203584K, reserved 622592K
  class space    used 26307K, committed 27328K, reserved 425984K
}
Event: 218.702 GC heap before
{Heap before GC invocations=136 (full 0):
 garbage-first heap   total 493568K, used 415376K [0x0000000080000000, 0x0000000100000000)
  region size 1024K, 88 young (90112K), 13 survivors (13312K)
 Metaspace       used 202017K, committed 204224K, reserved 622592K
  class space    used 26425K, committed 27456K, reserved 425984K
}
Event: 218.709 GC heap after
{Heap after GC invocations=137 (full 0):
 garbage-first heap   total 493568K, used 341613K [0x0000000080000000, 0x0000000100000000)
  region size 1024K, 4 young (4096K), 4 survivors (4096K)
 Metaspace       used 202017K, committed 204224K, reserved 622592K
  class space    used 26425K, committed 27456K, reserved 425984K
}

Dll operation events (15 events):
Event: 0.013 Loaded shared library C:\Program Files\Microsoft\jdk-17.0.13.11-hotspot\bin\java.dll
Event: 0.031 Loaded shared library C:\Program Files\Microsoft\jdk-17.0.13.11-hotspot\bin\jsvml.dll
Event: 0.089 Loaded shared library C:\Program Files\Microsoft\jdk-17.0.13.11-hotspot\bin\zip.dll
Event: 0.092 Loaded shared library C:\Program Files\Microsoft\jdk-17.0.13.11-hotspot\bin\instrument.dll
Event: 0.098 Loaded shared library C:\Program Files\Microsoft\jdk-17.0.13.11-hotspot\bin\net.dll
Event: 0.099 Loaded shared library C:\Program Files\Microsoft\jdk-17.0.13.11-hotspot\bin\nio.dll
Event: 0.102 Loaded shared library C:\Program Files\Microsoft\jdk-17.0.13.11-hotspot\bin\zip.dll
Event: 0.426 Loaded shared library C:\Program Files\Microsoft\jdk-17.0.13.11-hotspot\bin\jimage.dll
Event: 0.587 Loaded shared library C:\Program Files\Microsoft\jdk-17.0.13.11-hotspot\bin\verify.dll
Event: 0.672 Loaded shared library C:\Users\sudar\.gradle\native\1def1411415f61bf3af743bc5b6707747c0891f09f0c88961ee8f79bc544acac\windows-amd64\native-platform.dll
Event: 0.762 Loaded shared library C:\Users\sudar\.gradle\native\0.2.7\x86_64-windows-gnu\gradle-fileevents.dll
Event: 2.101 Loaded shared library C:\Program Files\Microsoft\jdk-17.0.13.11-hotspot\bin\management.dll
Event: 2.106 Loaded shared library C:\Program Files\Microsoft\jdk-17.0.13.11-hotspot\bin\management_ext.dll
Event: 2.380 Loaded shared library C:\Program Files\Microsoft\jdk-17.0.13.11-hotspot\bin\extnet.dll
Event: 2.631 Loaded shared library C:\Program Files\Microsoft\jdk-17.0.13.11-hotspot\bin\sunmscapi.dll

Deoptimization events (20 events):
Event: 218.626 Thread 0x0000015bd0e83790 Uncommon trap: trap_request=0xffffffc6 fr.pc=0x0000015ba19cc108 relative=0x00000000000004e8
Event: 218.626 Thread 0x0000015bd0e83790 Uncommon trap: reason=bimorphic_or_optimized_type_check action=maybe_recompile pc=0x0000015ba19cc108 method=com.google.common.collect.ImmutableSet.equals(Ljava/lang/Object;)Z @ 15 c2
Event: 218.626 Thread 0x0000015bd0e83790 DEOPT PACKING pc=0x0000015ba19cc108 sp=0x000000437faf8830
Event: 218.627 Thread 0x0000015bd0e83790 DEOPT UNPACKING pc=0x0000015ba04869a3 sp=0x000000437faf87f0 mode 2
Event: 218.836 Thread 0x0000015bd0e83790 Uncommon trap: trap_request=0xffffff45 fr.pc=0x0000015ba0c3441c relative=0x00000000000011fc
Event: 218.836 Thread 0x0000015bd0e83790 Uncommon trap: reason=unstable_if action=reinterpret pc=0x0000015ba0c3441c method=java.lang.String.<init>([BIILjava/nio/charset/Charset;)V @ 325 c2
Event: 218.836 Thread 0x0000015bd0e83790 DEOPT PACKING pc=0x0000015ba0c3441c sp=0x000000437faf7e50
Event: 218.836 Thread 0x0000015bd0e83790 DEOPT UNPACKING pc=0x0000015ba04869a3 sp=0x000000437faf7e10 mode 2
Event: 219.200 Thread 0x0000015bd0e83790 Uncommon trap: trap_request=0xffffffd6 fr.pc=0x0000015ba1b6ee58 relative=0x0000000000000438
Event: 219.200 Thread 0x0000015bd0e83790 Uncommon trap: reason=array_check action=maybe_recompile pc=0x0000015ba1b6ee58 method=java.util.HashMap.valuesToArray([Ljava/lang/Object;)[Ljava/lang/Object; @ 62 c2
Event: 219.200 Thread 0x0000015bd0e83790 DEOPT PACKING pc=0x0000015ba1b6ee58 sp=0x000000437faf43b0
Event: 219.200 Thread 0x0000015bd0e83790 DEOPT UNPACKING pc=0x0000015ba04869a3 sp=0x000000437faf4348 mode 2
Event: 219.200 Thread 0x0000015bd0e83790 Uncommon trap: trap_request=0xffffffd6 fr.pc=0x0000015ba1afbc34 relative=0x0000000000000514
Event: 219.200 Thread 0x0000015bd0e83790 Uncommon trap: reason=array_check action=maybe_recompile pc=0x0000015ba1afbc34 method=java.util.HashMap.valuesToArray([Ljava/lang/Object;)[Ljava/lang/Object; @ 62 c2
Event: 219.200 Thread 0x0000015bd0e83790 DEOPT PACKING pc=0x0000015ba1afbc34 sp=0x000000437faf43a0
Event: 219.200 Thread 0x0000015bd0e83790 DEOPT UNPACKING pc=0x0000015ba04869a3 sp=0x000000437faf4348 mode 2
Event: 219.205 Thread 0x0000015bd0e83790 Uncommon trap: trap_request=0xffffffd6 fr.pc=0x0000015ba1b6ee58 relative=0x0000000000000438
Event: 219.205 Thread 0x0000015bd0e83790 Uncommon trap: reason=array_check action=maybe_recompile pc=0x0000015ba1b6ee58 method=java.util.HashMap.valuesToArray([Ljava/lang/Object;)[Ljava/lang/Object; @ 62 c2
Event: 219.205 Thread 0x0000015bd0e83790 DEOPT PACKING pc=0x0000015ba1b6ee58 sp=0x000000437faf4ad0
Event: 219.205 Thread 0x0000015bd0e83790 DEOPT UNPACKING pc=0x0000015ba04869a3 sp=0x000000437faf4a68 mode 2

Classes loaded (20 events):
Event: 192.214 Loading class java/text/MessageFormat$Field
Event: 192.215 Loading class java/text/MessageFormat$Field done
Event: 192.912 Loading class java/net/UrlDeserializedState
Event: 192.912 Loading class java/net/UrlDeserializedState done
Event: 193.936 Loading class sun/nio/fs/WindowsSecurity$Privilege
Event: 193.936 Loading class sun/nio/fs/WindowsSecurity$Privilege done
Event: 194.283 Loading class java/time/Instant$1
Event: 194.283 Loading class java/time/Instant$1 done
Event: 194.322 Loading class java/util/Locale$1
Event: 194.322 Loading class java/util/Locale$1 done
Event: 194.330 Loading class java/util/concurrent/CompletableFuture$AsyncRun
Event: 194.331 Loading class java/util/concurrent/CompletableFuture$AsyncRun done
Event: 215.896 Loading class jdk/internal/math/FormattedFloatingDecimal$Form
Event: 215.897 Loading class jdk/internal/math/FormattedFloatingDecimal$Form done
Event: 215.897 Loading class jdk/internal/math/FormattedFloatingDecimal
Event: 215.897 Loading class jdk/internal/math/FormattedFloatingDecimal done
Event: 215.897 Loading class jdk/internal/math/FormattedFloatingDecimal$1
Event: 215.898 Loading class jdk/internal/math/FormattedFloatingDecimal$1 done
Event: 215.898 Loading class jdk/internal/math/FormattedFloatingDecimal$2
Event: 215.898 Loading class jdk/internal/math/FormattedFloatingDecimal$2 done

Classes unloaded (0 events):
No events

Classes redefined (0 events):
No events

Internal exceptions (20 events):
Event: 218.432 Thread 0x0000015bd0e83790 Exception <a 'sun/nio/fs/WindowsException'{0x000000009be1fc18}> (0x000000009be1fc18) 
thrown [s\src\hotspot\share\prims\jni.cpp, line 516]
Event: 218.433 Thread 0x0000015bd0e83790 Exception <a 'sun/nio/fs/WindowsException'{0x000000009be21970}> (0x000000009be21970) 
thrown [s\src\hotspot\share\prims\jni.cpp, line 516]
Event: 218.433 Thread 0x0000015bd0e83790 Exception <a 'sun/nio/fs/WindowsException'{0x000000009be236c8}> (0x000000009be236c8) 
thrown [s\src\hotspot\share\prims\jni.cpp, line 516]
Event: 218.434 Thread 0x0000015bd0e83790 Exception <a 'sun/nio/fs/WindowsException'{0x000000009be25400}> (0x000000009be25400) 
thrown [s\src\hotspot\share\prims\jni.cpp, line 516]
Event: 218.659 Thread 0x0000015bd0e83790 Exception <a 'sun/nio/fs/WindowsException'{0x000000009a518e70}> (0x000000009a518e70) 
thrown [s\src\hotspot\share\prims\jni.cpp, line 516]
Event: 218.659 Thread 0x0000015bd0e83790 Exception <a 'sun/nio/fs/WindowsException'{0x000000009a51abc8}> (0x000000009a51abc8) 
thrown [s\src\hotspot\share\prims\jni.cpp, line 516]
Event: 218.660 Thread 0x0000015bd0e83790 Exception <a 'sun/nio/fs/WindowsException'{0x000000009a51c920}> (0x000000009a51c920) 
thrown [s\src\hotspot\share\prims\jni.cpp, line 516]
Event: 218.661 Thread 0x0000015bd0e83790 Exception <a 'sun/nio/fs/WindowsException'{0x000000009a51e658}> (0x000000009a51e658) 
thrown [s\src\hotspot\share\prims\jni.cpp, line 516]
Event: 218.830 Thread 0x0000015bd0e83790 Exception <a 'sun/nio/fs/WindowsException'{0x000000009dbe29f0}> (0x000000009dbe29f0) 
thrown [s\src\hotspot\share\prims\jni.cpp, line 516]
Event: 218.830 Thread 0x0000015bd0e83790 Exception <a 'sun/nio/fs/WindowsException'{0x000000009dbe2d10}> (0x000000009dbe2d10) 
thrown [s\src\hotspot\share\prims\jni.cpp, line 516]
Event: 218.831 Thread 0x0000015bd0e83790 Exception <a 'sun/nio/fs/WindowsException'{0x000000009dbe5ee0}> (0x000000009dbe5ee0) 
thrown [s\src\hotspot\share\prims\jni.cpp, line 516]
Event: 218.831 Thread 0x0000015bd0e83790 Exception <a 'sun/nio/fs/WindowsException'{0x000000009dbe62f0}> (0x000000009dbe62f0) 
thrown [s\src\hotspot\share\prims\jni.cpp, line 516]
Event: 218.831 Thread 0x0000015bd0e83790 Exception <a 'sun/nio/fs/WindowsException'{0x000000009dbea108}> (0x000000009dbea108) 
thrown [s\src\hotspot\share\prims\jni.cpp, line 516]
Event: 218.831 Thread 0x0000015bd0e83790 Exception <a 'sun/nio/fs/WindowsException'{0x000000009dbea518}> (0x000000009dbea518) 
thrown [s\src\hotspot\share\prims\jni.cpp, line 516]
Event: 219.199 Thread 0x0000015bd0e83790 Exception <a 'java/lang/ClassNotFoundException'{0x000000009cd37a60}: GradleAnnotationProcessorPatchPluginBeanInfo> (0x000000009cd37a60) 
thrown [s\src\hotspot\share\classfile\systemDictionary.cpp, line 256]
Event: 219.200 Thread 0x0000015bd0e83790 Exception <a 'java/lang/ClassNotFoundException'{0x000000009cd45898}: GradleAnnotationProcessorPatchPluginCustomizer> (0x000000009cd45898) 
thrown [s\src\hotspot\share\classfile\systemDictionary.cpp, line 256]
Event: 219.203 Thread 0x0000015bd0e83790 Exception <a 'java/lang/ClassNotFoundException'{0x000000009cd75758}: GradleAnnotationProcessorPatchPlugin$AnnotationProcessorModelBuilderBeanInfo> (0x000000009cd75758) 
thrown [s\src\hotspot\share\classfile\systemDictionary.cpp, line 256]
Event: 219.203 Thread 0x0000015bd0e83790 Exception <a 'java/lang/ClassNotFoundException'{0x000000009cd83768}: GradleAnnotationProcessorPatchPlugin$AnnotationProcessorModelBuilderCustomizer> (0x000000009cd83768) 
thrown [s\src\hotspot\share\classfile\systemDictionary.cpp, line 256]
Event: 219.209 Thread 0x0000015bd0e83790 Exception <a 'java/lang/ClassNotFoundException'{0x000000009cdfcce0}: org/gradle/tooling/provider/model/internal/DefaultToolingModelBuilderRegistryBeanInfo> (0x000000009cdfcce0) 
thrown [s\src\hotspot\share\classfile\systemDictionary.cpp, line 256]
Event: 219.211 Thread 0x0000015bd0e83790 Exception <a 'java/lang/ClassNotFoundException'{0x000000009cc27b90}: org/gradle/tooling/provider/model/internal/DefaultToolingModelBuilderRegistryCustomizer> (0x000000009cc27b90) 
thrown [s\src\hotspot\share\classfile\systemDictionary.cpp, line 256]

VM Operations (20 events):
Event: 192.887 Executing VM operation: G1CollectForAllocation
Event: 192.900 Executing VM operation: G1CollectForAllocation done
Event: 193.914 Executing VM operation: Cleanup
Event: 193.914 Executing VM operation: Cleanup done
Event: 193.946 Executing VM operation: HandshakeAllThreads
Event: 193.947 Executing VM operation: HandshakeAllThreads done
Event: 194.946 Executing VM operation: Cleanup
Event: 194.947 Executing VM operation: Cleanup done
Event: 198.998 Executing VM operation: Cleanup
Event: 198.998 Executing VM operation: Cleanup done
Event: 200.012 Executing VM operation: Cleanup
Event: 200.012 Executing VM operation: Cleanup done
Event: 211.136 Executing VM operation: Cleanup
Event: 211.136 Executing VM operation: Cleanup done
Event: 213.150 Executing VM operation: Cleanup
Event: 213.150 Executing VM operation: Cleanup done
Event: 216.178 Executing VM operation: Cleanup
Event: 216.178 Executing VM operation: Cleanup done
Event: 218.701 Executing VM operation: G1CollectForAllocation
Event: 218.709 Executing VM operation: G1CollectForAllocation done

Memory protections (0 events):
No events

Nmethod flushes (20 events):
Event: 192.433 Thread 0x0000015bb0503380 flushing  nmethod 0x0000015b99aa0010
Event: 192.434 Thread 0x0000015bb0503380 flushing  nmethod 0x0000015b99b76210
Event: 192.435 Thread 0x0000015bb0503380 flushing  nmethod 0x0000015b99d15990
Event: 192.436 Thread 0x0000015bb0503380 flushing  nmethod 0x0000015b99d44890
Event: 192.436 Thread 0x0000015bb0503380 flushing  nmethod 0x0000015b99d44e90
Event: 192.436 Thread 0x0000015bb0503380 flushing  nmethod 0x0000015b99e25c10
Event: 192.438 Thread 0x0000015bb0503380 flushing  nmethod 0x0000015b9a06a890
Event: 192.439 Thread 0x0000015bb0503380 flushing  nmethod 0x0000015b9a0e2310
Event: 192.439 Thread 0x0000015bb0503380 flushing  nmethod 0x0000015b9a0f3990
Event: 192.445 Thread 0x0000015bb0503380 flushing  nmethod 0x0000015b9a88b710
Event: 192.448 Thread 0x0000015bb0503380 flushing  nmethod 0x0000015b9abaf110
Event: 192.449 Thread 0x0000015bb0503380 flushing  nmethod 0x0000015b9ac09d10
Event: 192.451 Thread 0x0000015bb0503380 flushing  nmethod 0x0000015b9aef2510
Event: 192.452 Thread 0x0000015bb0503380 flushing  nmethod 0x0000015b9aff2210
Event: 192.456 Thread 0x0000015bb0503380 flushing  nmethod 0x0000015b9b44c210
Event: 192.457 Thread 0x0000015bb0503380 flushing  nmethod 0x0000015b9b62cc10
Event: 192.459 Thread 0x0000015bb0503380 flushing  nmethod 0x0000015b9b8c0110
Event: 192.459 Thread 0x0000015bb0503380 flushing  nmethod 0x0000015b9b912110
Event: 192.460 Thread 0x0000015bb0503380 flushing  nmethod 0x0000015b9ba40590
Event: 192.461 Thread 0x0000015bb0503380 flushing  nmethod 0x0000015b9bb40390

Events (20 events):
Event: 219.023 Thread 0x0000015bd0e83790 Thread added: 0x0000015beae2d010
Event: 219.023 Thread 0x0000015bd0e83790 Thread added: 0x0000015beae2d520
Event: 219.023 Thread 0x0000015bd0e83790 Thread added: 0x0000015bd5edd5c0
Event: 219.024 Thread 0x0000015bd0e83790 Thread added: 0x0000015bd5eddad0
Event: 219.024 Thread 0x0000015bd0e83790 Thread added: 0x0000015bd5ede4f0
Event: 219.024 Thread 0x0000015bd0e83790 Thread added: 0x0000015bd5eddfe0
Event: 219.025 Thread 0x0000015bd0e83790 Thread added: 0x0000015bd5edb760
Event: 219.025 Thread 0x0000015bd0e83790 Thread added: 0x0000015bd5edea00
Event: 219.025 Thread 0x0000015bd0e83790 Thread added: 0x0000015bd5edb250
Event: 219.053 Thread 0x0000015bd0e83790 Thread added: 0x0000015beab5f620
Event: 219.053 Thread 0x0000015bd0e83790 Thread added: 0x0000015bd3951870
Event: 219.054 Thread 0x0000015bd0e83790 Thread added: 0x0000015bd39527a0
Event: 219.054 Thread 0x0000015bd0e83790 Thread added: 0x0000015bd3952cb0
Event: 219.054 Thread 0x0000015bd0e83790 Thread added: 0x0000015bd394f500
Event: 219.055 Thread 0x0000015bd0e83790 Thread added: 0x0000015bd394fa10
Event: 219.055 Thread 0x0000015bd0e83790 Thread added: 0x0000015bd394ff20
Event: 219.055 Thread 0x0000015bd0e83790 Thread added: 0x0000015bd3950e50
Event: 219.056 Thread 0x0000015bd0e83790 Thread added: 0x0000015bd3950430
Event: 219.056 Thread 0x0000015bd0e83790 Thread added: 0x0000015bd3951360
Event: 219.056 Thread 0x0000015bd0e83790 Thread added: 0x0000015bd3951d80


Dynamic libraries:
0x00007ff67c630000 - 0x00007ff67c63e000 	C:\Program Files\Microsoft\jdk-17.0.13.11-hotspot\bin\java.exe
0x00007ffc62a10000 - 0x00007ffc62c27000 	C:\WINDOWS\SYSTEM32\ntdll.dll
0x00007ffc61b60000 - 0x00007ffc61c24000 	C:\WINDOWS\System32\KERNEL32.DLL
0x00007ffc5fda0000 - 0x00007ffc60172000 	C:\WINDOWS\System32\KERNELBASE.dll
0x00007ffc5fb00000 - 0x00007ffc5fc11000 	C:\WINDOWS\System32\ucrtbase.dll
0x00007ffc53970000 - 0x00007ffc5398d000 	C:\Program Files\Microsoft\jdk-17.0.13.11-hotspot\bin\VCRUNTIME140.dll
0x00007ffc53950000 - 0x00007ffc53967000 	C:\Program Files\Microsoft\jdk-17.0.13.11-hotspot\bin\jli.dll
0x00007ffc62760000 - 0x00007ffc62911000 	C:\WINDOWS\System32\USER32.dll
0x00007ffc5fc20000 - 0x00007ffc5fc46000 	C:\WINDOWS\System32\win32u.dll
0x00007ffc560a0000 - 0x00007ffc5633b000 	C:\WINDOWS\WinSxS\amd64_microsoft.windows.common-controls_6595b64144ccf1df_6.0.22621.5697_none_27154c497380d676\COMCTL32.dll
0x00007ffc621d0000 - 0x00007ffc621f9000 	C:\WINDOWS\System32\GDI32.dll
0x00007ffc609e0000 - 0x00007ffc60a87000 	C:\WINDOWS\System32\msvcrt.dll
0x00007ffc60570000 - 0x00007ffc60693000 	C:\WINDOWS\System32\gdi32full.dll
0x00007ffc5fc80000 - 0x00007ffc5fd1a000 	C:\WINDOWS\System32\msvcp_win.dll
0x00007ffc618e0000 - 0x00007ffc61911000 	C:\WINDOWS\System32\IMM32.DLL
0x00007ffc58530000 - 0x00007ffc5853c000 	C:\Program Files\Microsoft\jdk-17.0.13.11-hotspot\bin\vcruntime140_1.dll
0x00007ffc53060000 - 0x00007ffc530ed000 	C:\Program Files\Microsoft\jdk-17.0.13.11-hotspot\bin\msvcp140.dll
0x00007ffbf14e0000 - 0x00007ffbf2151000 	C:\Program Files\Microsoft\jdk-17.0.13.11-hotspot\bin\server\jvm.dll
0x00007ffc61990000 - 0x00007ffc61a41000 	C:\WINDOWS\System32\ADVAPI32.dll
0x00007ffc62120000 - 0x00007ffc621c8000 	C:\WINDOWS\System32\sechost.dll
0x00007ffc5fc50000 - 0x00007ffc5fc78000 	C:\WINDOWS\System32\bcrypt.dll
0x00007ffc60b30000 - 0x00007ffc60c47000 	C:\WINDOWS\System32\RPCRT4.dll
0x00007ffc60960000 - 0x00007ffc609d1000 	C:\WINDOWS\System32\WS2_32.dll
0x00007ffc5e8f0000 - 0x00007ffc5e93d000 	C:\WINDOWS\SYSTEM32\POWRPROF.dll
0x00007ffc5a6e0000 - 0x00007ffc5a714000 	C:\WINDOWS\SYSTEM32\WINMM.dll
0x00007ffc547e0000 - 0x00007ffc547ea000 	C:\WINDOWS\SYSTEM32\VERSION.dll
0x00007ffc5e8d0000 - 0x00007ffc5e8e3000 	C:\WINDOWS\SYSTEM32\UMPDC.dll
0x00007ffc5eba0000 - 0x00007ffc5ebb8000 	C:\WINDOWS\SYSTEM32\kernel.appcore.dll
0x00007ffc56cb0000 - 0x00007ffc56cba000 	C:\Program Files\Microsoft\jdk-17.0.13.11-hotspot\bin\jimage.dll
0x00007ffc58cd0000 - 0x00007ffc58f03000 	C:\WINDOWS\SYSTEM32\DBGHELP.DLL
0x00007ffc623c0000 - 0x00007ffc62752000 	C:\WINDOWS\System32\combase.dll
0x00007ffc606b0000 - 0x00007ffc60788000 	C:\WINDOWS\System32\OLEAUT32.dll
0x00007ffc53fa0000 - 0x00007ffc53fd2000 	C:\WINDOWS\SYSTEM32\dbgcore.DLL
0x00007ffc5fd20000 - 0x00007ffc5fd9b000 	C:\WINDOWS\System32\bcryptPrimitives.dll
0x00007ffc584c0000 - 0x00007ffc584ce000 	C:\Program Files\Microsoft\jdk-17.0.13.11-hotspot\bin\instrument.dll
0x00007ffc53170000 - 0x00007ffc53195000 	C:\Program Files\Microsoft\jdk-17.0.13.11-hotspot\bin\java.dll
0x00007ffc52c50000 - 0x00007ffc52d27000 	C:\Program Files\Microsoft\jdk-17.0.13.11-hotspot\bin\jsvml.dll
0x00007ffc60e10000 - 0x00007ffc616b1000 	C:\WINDOWS\System32\SHELL32.dll
0x00007ffc602f0000 - 0x00007ffc6042f000 	C:\WINDOWS\System32\wintypes.dll
0x00007ffc5d9a0000 - 0x00007ffc5e2ba000 	C:\WINDOWS\SYSTEM32\windows.storage.dll
0x00007ffc622b0000 - 0x00007ffc623bb000 	C:\WINDOWS\System32\SHCORE.dll
0x00007ffc61920000 - 0x00007ffc61989000 	C:\WINDOWS\System32\shlwapi.dll
0x00007ffc5fa30000 - 0x00007ffc5fa5b000 	C:\WINDOWS\SYSTEM32\profapi.dll
0x00007ffc53000000 - 0x00007ffc53018000 	C:\Program Files\Microsoft\jdk-17.0.13.11-hotspot\bin\zip.dll
0x00007ffc53040000 - 0x00007ffc5305a000 	C:\Program Files\Microsoft\jdk-17.0.13.11-hotspot\bin\net.dll
0x00007ffc5bad0000 - 0x00007ffc5bbfc000 	C:\WINDOWS\SYSTEM32\WINHTTP.dll
0x00007ffc5f080000 - 0x00007ffc5f0e9000 	C:\WINDOWS\system32\mswsock.dll
0x00007ffc53020000 - 0x00007ffc53036000 	C:\Program Files\Microsoft\jdk-17.0.13.11-hotspot\bin\nio.dll
0x00007ffc53ca0000 - 0x00007ffc53cb0000 	C:\Program Files\Microsoft\jdk-17.0.13.11-hotspot\bin\verify.dll
0x00007ffc53680000 - 0x00007ffc536a7000 	C:\Users\sudar\.gradle\native\1def1411415f61bf3af743bc5b6707747c0891f09f0c88961ee8f79bc544acac\windows-amd64\native-platform.dll
0x00007ffc53600000 - 0x00007ffc53678000 	C:\Users\sudar\.gradle\native\0.2.7\x86_64-windows-gnu\gradle-fileevents.dll
0x00007ffc5cd70000 - 0x00007ffc5cd7a000 	C:\Program Files\Microsoft\jdk-17.0.13.11-hotspot\bin\management.dll
0x00007ffc59990000 - 0x00007ffc5999b000 	C:\Program Files\Microsoft\jdk-17.0.13.11-hotspot\bin\management_ext.dll
0x00007ffc62990000 - 0x00007ffc62998000 	C:\WINDOWS\System32\PSAPI.DLL
0x00007ffc5e510000 - 0x00007ffc5e53d000 	C:\WINDOWS\SYSTEM32\IPHLPAPI.DLL
0x00007ffc60b20000 - 0x00007ffc60b29000 	C:\WINDOWS\System32\NSI.dll
0x00007ffc5b980000 - 0x00007ffc5b999000 	C:\WINDOWS\SYSTEM32\dhcpcsvc6.DLL
0x00007ffc5b710000 - 0x00007ffc5b72f000 	C:\WINDOWS\SYSTEM32\dhcpcsvc.DLL
0x00007ffc5e540000 - 0x00007ffc5e638000 	C:\WINDOWS\SYSTEM32\DNSAPI.dll
0x00007ffc52ff0000 - 0x00007ffc52ff9000 	C:\Program Files\Microsoft\jdk-17.0.13.11-hotspot\bin\extnet.dll
0x00007ffc5f2f0000 - 0x00007ffc5f30b000 	C:\WINDOWS\SYSTEM32\CRYPTSP.dll
0x00007ffc5eb00000 - 0x00007ffc5eb37000 	C:\WINDOWS\system32\rsaenh.dll
0x00007ffc5f170000 - 0x00007ffc5f198000 	C:\WINDOWS\SYSTEM32\USERENV.dll
0x00007ffc5f310000 - 0x00007ffc5f31c000 	C:\WINDOWS\SYSTEM32\CRYPTBASE.dll
0x00007ffc53160000 - 0x00007ffc5316e000 	C:\Program Files\Microsoft\jdk-17.0.13.11-hotspot\bin\sunmscapi.dll
0x00007ffc60180000 - 0x00007ffc602e8000 	C:\WINDOWS\System32\CRYPT32.dll
0x00007ffc5f490000 - 0x00007ffc5f4bd000 	C:\WINDOWS\SYSTEM32\ncrypt.dll
0x00007ffc5f450000 - 0x00007ffc5f487000 	C:\WINDOWS\SYSTEM32\NTASN1.dll
0x00007ffc0d110000 - 0x00007ffc0d118000 	C:\WINDOWS\system32\wshunix.dll
0x00007ffc0a360000 - 0x00007ffc0a377000 	C:\WINDOWS\system32\napinsp.dll
0x00007ffc0a380000 - 0x00007ffc0a39b000 	C:\WINDOWS\system32\pnrpnsp.dll
0x00007ffc0a3a0000 - 0x00007ffc0a3b1000 	C:\WINDOWS\System32\winrnr.dll
0x00007ffc5a0c0000 - 0x00007ffc5a0df000 	C:\WINDOWS\system32\wshbth.dll
0x00007ffc0a3e0000 - 0x00007ffc0a401000 	C:\WINDOWS\system32\nlansp_c.dll
0x0000000069260000 - 0x0000000069286000 	C:\Program Files\Bonjour\mdnsNSP.dll
0x00007ffc5a170000 - 0x00007ffc5a17a000 	C:\Windows\System32\rasadhlp.dll
0x00007ffc5a510000 - 0x00007ffc5a594000 	C:\WINDOWS\System32\fwpuclnt.dll
0x00007ffc589f0000 - 0x00007ffc58a87000 	C:\WINDOWS\system32\apphelp.dll
0x00007ffc5ecb0000 - 0x00007ffc5ece4000 	C:\WINDOWS\SYSTEM32\ntmarta.dll

dbghelp: loaded successfully - version: 4.0.5 - missing functions: none
symbol engine: initialized successfully - sym options: 0x614 - pdb path: .;C:\Program Files\Microsoft\jdk-17.0.13.11-hotspot\bin;C:\WINDOWS\SYSTEM32;C:\WINDOWS\WinSxS\amd64_microsoft.windows.common-controls_6595b64144ccf1df_6.0.22621.5697_none_27154c497380d676;C:\Program Files\Microsoft\jdk-17.0.13.11-hotspot\bin\server;C:\Users\sudar\.gradle\native\1def1411415f61bf3af743bc5b6707747c0891f09f0c88961ee8f79bc544acac\windows-amd64;C:\Users\sudar\.gradle\native\0.2.7\x86_64-windows-gnu;C:\Program Files\Bonjour

VM Arguments:
jvm_args: --add-opens=java.base/java.lang=ALL-UNNAMED --add-opens=java.base/java.lang.invoke=ALL-UNNAMED --add-opens=java.base/java.util=ALL-UNNAMED --add-opens=java.prefs/java.util.prefs=ALL-UNNAMED --add-exports=jdk.compiler/com.sun.tools.javac.api=ALL-UNNAMED --add-exports=jdk.compiler/com.sun.tools.javac.util=ALL-UNNAMED --add-opens=java.base/java.util=ALL-UNNAMED --add-opens=java.prefs/java.util.prefs=ALL-UNNAMED --add-opens=java.base/java.nio.charset=ALL-UNNAMED --add-opens=java.base/java.net=ALL-UNNAMED --add-opens=java.base/java.util.concurrent.atomic=ALL-UNNAMED --add-opens=java.xml/javax.xml.namespace=ALL-UNNAMED -XX:MaxMetaspaceSize=512m -Xmx2048m -Dfile.encoding=UTF-8 -Duser.country=IN -Duser.language=en -Duser.variant -javaagent:C:\Users\sudar\.gradle\wrapper\dists\gradle-8.13-bin\5xuhj0ry160q40clulazy9h7d\gradle-8.13\lib\agents\gradle-instrumentation-agent-8.13.jar 
java_command: org.gradle.launcher.daemon.bootstrap.GradleDaemon 8.13
java_class_path (initial): C:\Users\sudar\.gradle\wrapper\dists\gradle-8.13-bin\5xuhj0ry160q40clulazy9h7d\gradle-8.13\lib\gradle-daemon-main-8.13.jar
Launcher Type: SUN_STANDARD

[Global flags]
     intx CICompilerCount                          = 4                                         {product} {ergonomic}
   size_t CompressedClassSpaceSize                 = 436207616                                 {product} {ergonomic}
     uint ConcGCThreads                            = 3                                         {product} {ergonomic}
     uint G1ConcRefinementThreads                  = 10                                        {product} {ergonomic}
   size_t G1HeapRegionSize                         = 1048576                                   {product} {ergonomic}
    uintx GCDrainStackTargetSize                   = 64                                        {product} {ergonomic}
   size_t InitialHeapSize                          = 260046848                                 {product} {ergonomic}
   size_t MarkStackSize                            = 4194304                                   {product} {ergonomic}
   size_t MaxHeapSize                              = 2147483648                                {product} {command line}
   size_t MaxMetaspaceSize                         = 536870912                                 {product} {command line}
   size_t MaxNewSize                               = 1287651328                                {product} {ergonomic}
   size_t MinHeapDeltaBytes                        = 1048576                                   {product} {ergonomic}
   size_t MinHeapSize                              = 8388608                                   {product} {ergonomic}
    uintx NonNMethodCodeHeapSize                   = 5839372                                {pd product} {ergonomic}
    uintx NonProfiledCodeHeapSize                  = 122909434                              {pd product} {ergonomic}
    uintx ProfiledCodeHeapSize                     = 122909434                              {pd product} {ergonomic}
    uintx ReservedCodeCacheSize                    = 251658240                              {pd product} {ergonomic}
     bool SegmentedCodeCache                       = true                                      {product} {ergonomic}
   size_t SoftMaxHeapSize                          = 2147483648                             {manageable} {ergonomic}
     bool UseCompressedClassPointers               = true                           {product lp64_product} {ergonomic}
     bool UseCompressedOops                        = true                           {product lp64_product} {ergonomic}
     bool UseG1GC                                  = true                                      {product} {ergonomic}
     bool UseLargePagesIndividualAllocation        = false                                  {pd product} {ergonomic}

Logging:
Log output configuration:
 #0: stdout all=warning uptime,level,tags
 #1: stderr all=off uptime,level,tags

Environment Variables:
JAVA_HOME=C:\Program Files\Microsoft\jdk-17.0.13.11-hotspot\
PATH=C:\Python313\Scripts\;C:\Python313\;C:\Program Files\Microsoft\jdk-17.0.13.11-hotspot\bin;C:\Python312\Scripts\;C:\Python312\;C:\Program Files (x86)\Common Files\Oracle\Java\javapath;C:\WINDOWS\system32;C:\WINDOWS;C:\WINDOWS\System32\Wbem;C:\WINDOWS\System32\WindowsPowerShell\v1.0\;C:\WINDOWS\System32\OpenSSH\;C:\Users\sudar\Downloads\JavaSetup8u381.exe;C:\Program Files\PuTTY\;E:\Freelance\Flutter\flutter\bin;C:\ProgramData\chocolatey\bin;C:\Users\sudar\AppData\Roaming\Python\Python310\Scripts;C:\Users\sudar\AppData\Roaming\npm;C:\Users\sudar\AppData\Roaming\npm;C:\Users\sudar\AppData\Local\nvm;C:\nvm4w\nodejs;C:\Program Files\nodejs\;C:\Program Files\Git\cmd;C:\Andriod\platform-tools;C:\Program Files\Microsoft SQL Server\150\Tools\Binn\;C:\Program Files\Microsoft SQL Server\Client SDK\ODBC\170\Tools\Binn\;C:\Program Files\dotnet\;C:\Andriod\platform-tools;C:\Users\sudar\AppData\Local\Programs\Microsoft VS Code\bin;C:\Users\sudar\AppData\Local\GitHubDesktop\bin;C:\Users\sudar\.dotnet\tools;C:\Users\sudar\.bun\bin
USERNAME=sudar
OS=Windows_NT
PROCESSOR_IDENTIFIER=AMD64 Family 25 Model 80 Stepping 0, AuthenticAMD
TMP=C:\Users\sudar\AppData\Local\Temp
TEMP=C:\Users\sudar\AppData\Local\Temp



Periodic native trim disabled


---------------  S Y S T E M  ---------------

OS:
 Windows 11 , 64 bit Build 22621 (10.0.22621.5415)
OS uptime: 1 days 23:23 hours
Hyper-V role detected

CPU: total 12 (initial active 12) (12 cores per cpu, 2 threads per core) family 25 model 80 stepping 0 microcode 0x0, cx8, cmov, fxsr, ht, mmx, 3dnowpref, sse, sse2, sse3, ssse3, sse4a, sse4.1, sse4.2, popcnt, lzcnt, tsc, tscinvbit, avx, avx2, aes, erms, clmul, bmi1, bmi2, adx, sha, fma, vzeroupper, clflush, clflushopt, hv
Processor Information for the first 12 processors :
  Max Mhz: 3301, Current Mhz: 3301, Mhz Limit: 3301

Memory: 4k page, system-wide physical 15754M (946M free)
TotalPageFile size 23946M (AvailPageFile size 591M)
current process WorkingSet (physical memory assigned to process): 765M, peak: 931M
current process commit charge ("private bytes"): 1022M, peak: 1059M

vm_info: OpenJDK 64-Bit Server VM (17.0.13+11-LTS) for windows-amd64 JRE (17.0.13+11-LTS), built on Oct 11 2024 23:25:05 by "MicrosoftCorporation" with unknown MS VC++:1939

END.
